project_id;binary_limiar;binary_limiar_aux
mask_cmana_0013327D1EEB48B07AEA8612E2D870B395298B41BDB5FA3E5EFF02990019B017_001332.jpg;NaN;
mask_cmana_010686C612FB941A1DFE6B5A800ECEC5BEE09CE1EA4D65A06E86A220DA16D454_010686.jpg;0;
mask_cmana_010F3ABC320199195C0BE6820C650DF2E72106F5CD6D85FD4497BA273692A427_010F3A.jpg;0;
mask_cmana_029C6688D833D416571E9E7751E2351CBEF8A9486DF5D5CC5090B4FE49194B01_029C66.jpg;0;
mask_cmana_032CB35708F651F84137468D757050126101E02A5181EAA7276816658BFD0904_032CB3.jpg;0;
mask_cmana_03CD0CBA968B2C6B6C8982F83301603B2B2EED4FE87E874A3B87AA04C13F994C_03CD0C.jpg;1;
mask_cmana_048C71417AC27DCA18521C2FC40F442DF184DB68221B49BD593B2CB30E53DDA8_048C71.jpg;1;
mask_cmana_04BD6EC3C4775165A4C6431D1F07705BD46ACF670E3D95BF67E2C59267CAEBA4_04BD6E.jpg;1;
mask_cmana_04E0EFAA533A3AFA700C5D98D4D5A045382E371C9DFE625994725C62028F5C2E_04E0EF.jpg;0;
mask_cmana_058C91CC0DBC3BC2C6041181039A5464476DB983F07BBE457CE4583AB2E4B4D3_058C91.jpg;0;0
mask_cmana_0620097B7BFAB8A6091150D2C1C96E524E0B29A882F01D28878D48C75624D35F_062009.jpg;1;
mask_cmana_06A1A6A5635E7A62F68EB8316B9780793FC32F3DE828E302BEC21AE02CE11F17_06A1A6.jpg;0;
mask_cmana_071D586760016FB87AA14CDCF9862B7BF6947506C1D657A602CFC4AA26141ADB_071D58.jpg;NaN;
mask_cmana_0726D0A019EA4591201F02879CD7F74A5FA3799A59F3D173BC1D4073BDEA6AC2_0726D0.jpg;1;1
mask_cmana_07329DBDEAFD3E57392C6558500D75D745CD14EA706129211F2CFB1D76E73497_07329D.jpg;1;
mask_cmana_0737C046BA09DC6D4C5C3BF27487A65E5838712D4A06F868E7B678F0A3350DEB_0737C0.jpg;0;
mask_cmana_07A59BB591638983DFAA93F0D8329B38FD70A996832791F01CDB696D911CF13B_07A59B.jpg;1;
mask_cmana_0809B9291C1DE0E6BD420CCF423A0EF54B143D43256CC344A0BAF7B52467E906_0809B9.jpg;NaN;
mask_cmana_08379473CB482ED87E0427390C525A9CFCAC29D4C738A2A0D9B4514340B3A7B5_083794.jpg;0;0
mask_cmana_084223329F005D132FF5D9D3CB64ECB8F5ED2D395620BA32D778CFAF243668C5_084223.jpg;1;
mask_cmana_08F3CAFDD2EEAE657E0D29AF1A1C6BB5F255B92EEC8AC30C38E66C968BDDC162_08F3CA.jpg;1;
mask_cmana_09337FAA7546DF367FDFFE3C723089537039E83FE28F3F908C5513551907399B_09337F.jpg;NaN;
mask_cmana_0976B2C70CD25169A1A1D1D815F0D5F973BDBB793951C01E621001A15F6D79BB_0976B2.jpg;0;0
mask_cmana_09E55C009FC7BCF1271A6824934275097CE125412D214FCD691E2EAA466E2505_09E55C.jpg;NaN;
mask_cmana_09EA52A3B528712C5BDA5AB02C8209F394E47F8D2E51EAAD65A23EA987FBB01A_09EA52.jpg;1;1
mask_cmana_0A1A6EED86BD112C595A9B019E0B97740C14C15E9A997BD8FB5D33025DF68B96_0A1A6E.jpg;0;
mask_cmana_0A26F13A0F334EAC8FD9840AE72B0263AF1BA2EBF337CFADDD3FB2DD092C1F14_0A26F1.jpg;0;
mask_cmana_0A49049EE5F7C4D9BF1A02ADEBB92299653487B6A75693622FB8BA22E7A53F28_0A4904.jpg;1;
mask_cmana_0A52F362F24186182CCFDE6DA53771113316270D3E3DE315F1219716F891BBC7_0A52F3.jpg;NaN;
mask_cmana_0AA41C956C4E9031FB9D94E98BECC92E50B1458E10AC2986194BCBFD80414B00_0AA41C.jpg;1;
mask_cmana_0B2873D736435B277CE6CA0F5260138F27C059FFE3BCD763E93566FE3AF1C0B8_0B2873.jpg;0;0
mask_cmana_0B6D91D15B82D8278E2062299072B1B49A8F9F7A7498BEC13371E80CCD0A0C08_0B6D91.jpg;0;
mask_cmana_0C094165ABE2E79FD70581B89E5BA785B14ADA88E6AAE9563DF6E382FEE3CE70_0C0941.jpg;0;0
mask_cmana_0C417102CE220D2AEE9224030C6CACE45C139AED9AC57D013B2EAE95A3F46C95_0C4171.jpg;1;
mask_cmana_0C47C96C666F771EAD5E644ED29A30E76A1A53DAB138AE30AB536C742CAE2956_0C47C9.jpg;NaN;
mask_cmana_0C618B2719D0D19B5B2522F631B5EEF2530501979BCB64F9CAD086D63CC78A69_0C618B.jpg;0;0
mask_cmana_0C7CF313CBA1CA7F727C3FBE1A6A116D0761FFF65C6DF28F37FF8A30A04F91A5_0C7CF3.jpg;0;
mask_cmana_0C99DF5C63765747FFC54ED20F0D7B189D182D6AFD35B8E165278F325B5A295A_0C99DF.jpg;1;1
mask_cmana_0D1C1F98304F45BF1B546428C60E1606138837704E148531BE1EB50FDD0D16D0_0D1C1F.jpg;NaN;
mask_cmana_0D67DAE9DBA0E02C42629503DA0E740007BC3B7B88BC5A98977512C447CBE26D_0D67DA.jpg;0;
mask_cmana_0D9233D27B3CD50B1F3B83D801EFC00D5C122B4BABD89D0182C5AE75C900863D_0D9233.jpg;0;
mask_cmana_0DED0A5CB7378FD54D4407D3B822C5CB783E146C67F2C080E7AE7C48431E7F87_0DED0A.jpg;0;
mask_cmana_0E3B0BA023861A086E8E3D4F7703726FAAF0D0B395DD6A49D30E3ACC8D13E8AF_0E3B0B.jpg;0;
mask_cmana_0E513788508912E810DBA9E91C3EA43C5634AF608133100E494BF07588FB57E2_0E5137.jpg;1;
mask_cmana_0E774A179799AC48749C459932FDA80CF528909A3F5AEF458323C69C1E3FDD02_0E774A.jpg;0;
mask_cmana_0E9D5B913A9E1893B4013A4E8A832F30E2735BED0ED5058DFF707F6D56E99FE4_0E9D5B.jpg;0;
mask_cmana_0EB26439B186553539FEAA73C596F77165B496782A8DFA10B9C06DF8B671DE32_0EB264.jpg;0;
mask_cmana_0EB618197B3E120A913BD778E4C2AA57596338149066E8033FF5823641664EF9_0EB618.jpg;0;
mask_cmana_0EEA1EEA3BAA4BCB4A123EF5C405124B568E0C3CF2094DB483F218BFC56FFB21_0EEA1E.jpg;1;
mask_cmana_0F30E278FDD8DC52822849D049F5B34464ADEC2648BABC6252FC809CDF0D5DBE_0F30E2.jpg;NaN;
mask_cmana_0F36D5D22AC8DBFFCBAA162F2A9DE2B31FF3C7E1A933BABE5B2C72D9CA9BCD5E_0F36D5.jpg;0;
mask_cmana_0F67623725EA93F3B1D01A05F928294094497755FC8784A6CCFAB263F1A88F40_0F6762.jpg;1;1
mask_cmana_0FE77D58037F53D22AA27DC623CEC4BEA5137EEC40C22402CE106B92C8E37339_0FE77D.jpg;0;
mask_cmana_0FFFC9D0AF71D377DEC21DE980AC418E5593AFEB1CE502FBFDB85D30CAAAA344_0FFFC9.jpg;1;
mask_cmana_108EB94CD9256903021B65ACBAFFEBBB0E5693ABAF17224D1DF31E822358F22D_108EB9.jpg;0;
mask_cmana_10CA3E82DAFF22DB1C93215CD3BB1BF848554773AA32FE598A498BE2C17439B9_10CA3E.jpg;0;0
mask_cmana_10D1479A064F8B6FAD9B98C6C02A7429A0A7897A0ABC8D61786400D9E0BAC772_10D147.jpg;1;
mask_cmana_11BC504A9960FE261A4E2D828A4651F4DE878B4FBBA84B51CB1EF57B4EA6A5D1_11BC50.jpg;1;1
mask_cmana_12409688A77A8C4BF3D55AD8AE0B1D772BD16B180BAFC6D8D1A20FF208B61593_124096.jpg;0;
mask_cmana_1262853D792DF4705D6BA5869F0BA29700B347F5C671F24785ACCF13EB56893C_126285.jpg;NaN;
mask_cmana_134674F8401F552CA4817AC6E3C85DF1694D379F3679000C661A078B86C9876D_134674.jpg;NaN;
mask_cmana_1347FF789C450ED3D2A36E65CEA50DD9BACF8EAA054A12F02A24D6FC81B5EC8D_1347FF.jpg;1;
mask_cmana_13D1386058D5C3E32937BA60B008481F4F177A66A7A13ACC0782D580DD41AAF1_13D138.jpg;NaN;
mask_cmana_14805A659AFFA39727624E62DBC270A31862D70D990E39A367602026C2E38187_14805A.jpg;1;
mask_cmana_14F1EA2CBF47DE9D868894418A81284484A6FBAFA5D1482D4391DF9A653EEBE5_14F1EA.jpg;1;
mask_cmana_150E671C8D5ECE81D6F93FA3305BF6B731955F11CF1CB7BA5A0F098711CD62C7_150E67.jpg;0;
mask_cmana_1513C3EEBE3E8F8FF7A9782B2AE8E4A486E44A73F4CAF5B35A0C5BE44BC16C58_1513C3.jpg;0;
mask_cmana_15843A9376A9513D8BECAA26AAB32A821CB3B5D8E8026C2E3B9B3AD3C59AE7E3_15843A.jpg;0;
mask_cmana_15EF83635946337DA42D3DAE9BA2B4471F7AF9A9A21C054672C3F455D54A6A50_15EF83.jpg;0;
mask_cmana_16086C25EB46C1A2D2A8B4298A3472CA9D91B25F725F9C7934F5DD9ED6C3F26B_16086C.jpg;1;1
mask_cmana_16549FECDCEC17EAF188ACA9FB284B072ECBAAD4381A3752FA2B3CCDB48293CE_16549F.jpg;0;
mask_cmana_16C6FE0C8A3CC528B31718B8051A3D70B264A3C7E4451EEE4BFCD6F72CE6A8A7_16C6FE.jpg;1;
mask_cmana_16F6770DA270377907BE2661C20948DAAFCA3DA86513967C40DF05CC49BBCC01_16F677.jpg;1;
mask_cmana_185BF0333C62F0B6C975DA160E3E339CA686FAEE5461B26876937BB62D03D183_185BF0.jpg;0;
mask_cmana_18C0CAA8A095ABDE3C0E659FE038A6737C40161EF66AE9DD776B3D07D56131F0_18C0CA.jpg;1;
mask_cmana_196D0EB404E3D2AFF451926FE3E4B30942302430A3B520604DCD2D734E6D0D11_196D0E.jpg;NaN;
mask_cmana_19AEC7BC921763631CB2EBFCFB79C76577D2BF1DC63DA78E68DE5D6838235AFF_19AEC7.jpg;NaN;
mask_cmana_1A7CAA8F6452B72B5AB7F7A03733C2F9CE1FC57AA30CDB398626F8FB7B9EBD4C_1A7CAA.jpg;1;
mask_cmana_1AFDAF3EA1820EC1B9E11B24E59CFD7A33FA127AD1C3FF2B0D9BDF5277C996BE_1AFDAF.jpg;0;
mask_cmana_1B318D754F43F137F49ADA9090986B0B9CE35B8C4EE2DDF9FCDA370FCCC2EB27_1B318D.jpg;0;
mask_cmana_1B456402D4EA8417DD577C432BA17937D1C00E92D725CC94F48EA5657EB6E2CE_1B4564.jpg;NaN;
mask_cmana_1D17F2D540D90490A35CE7915625BA582217EB7F8CFAA785B0FA055C39925A43_1D17F2.jpg;NaN;
mask_cmana_1DC440F4056F707B84A8E073DFD3925B4D267BFE27E8822D1F5CB363755B4FE5_1DC440.jpg;0;0
mask_cmana_1DC81C83F9C1E213EA753A8FF6C21AA9ADB740E9E09AF2524159E47DB55C6062_1DC81C.jpg;0;
mask_cmana_1E296CD91FDA06E3E03969D46382E6C3620AF48C841D2DFD2B3FD170FF6D3667_1E296C.jpg;1;1
mask_cmana_1E500521F29DC516267D1B4814A5C8646EC5B6F71DB02C21E9B909952B976B9A_1E5005.jpg;1;
mask_cmana_1EADFBB1810327FF1AB5DF29D29F6AF249020F36D3D9AF73268E6C838362B556_1EADFB.jpg;1;
mask_cmana_1F062A52ED04AA86694E1D52AD39DF643B5A5B30204A95FD727D0C46B8D3C442_1F062A.jpg;1;1
mask_cmana_202CA480AD77B5911AC9E5D94ADDBB63FEFC43BD5E394D359823D814AB4FB24D_202CA4.jpg;0;
mask_cmana_20652C99F32242E39C0CC170E925EC8152ABF7C6ECBDAF40757983E4EC6D6A05_20652C.jpg;0;
mask_cmana_20925C23B55033701E8A6DAAFB1A452A5EFF8AF8A5B9080DB315F5C94E2F7781_20925C.jpg;NaN;
mask_cmana_20A028645EC6FF33A6E3BBD6969AAF177B3CE1248D83A904D97AED11517AFC36_20A028.jpg;1;
mask_cmana_20AD08233341CA415653BA62DDC6FD88677E468BF86A7FD77153639F54F7EF45_20AD08.jpg;0;
mask_cmana_20CBE74DA41F02EFBBF989B1C38C1C2C73AEC779B59CABA1220FA38E2914EF08_20CBE7.jpg;1;1
mask_cmana_20EE50D30B62AEC93E0A23B39FDB905C3400A9C8946B83756196698449F1D780_20EE50.jpg;0;
mask_cmana_213F47352496D52F5D695B5B195B052508480BC8EBA298D3813DAA0ACB3C3172_213F47.jpg;1;
mask_cmana_21B3D6E6F4C05FF5EAD2703C21B0CACC8A0BB026927A2599E6C94B61FD9BC13B_21B3D6.jpg;1;
mask_cmana_21B679538E07A48415F9C578F56D586F0C3E2B07BBC8E3557872DE5CB77EF0FF_21B679.jpg;0;
mask_cmana_21ECAA2597E023BCD374BC3B95EFBE6A54EC8200CE38EE80CAEF439F3A9ABB7B_21ECAA.jpg;1;
mask_cmana_2222F33D343E3A88AAB1B54EF0A9ACCBF899A22B62561B01146FEA3FE83116F3_2222F3.jpg;1;1
mask_cmana_2288DFCCF2AF8453A08233E91506EC14CF089AD95B4EC3199654297B51849526_2288DF.jpg;1;
mask_cmana_230A5DB0C7BB2E9AF6B4641DD26633EB7C698BB22CAE2748851B089B82DFD2AE_230A5D.jpg;1;
mask_cmana_231DA9FC1ADB5F944AB34E341F6BF0DCFEBE8E86BBD661ED81D26866DEFDABD2_231DA9.jpg;0;
mask_cmana_2320A8DFF6AD0411ADFB3EAA0AFF6B6B934D8421EA9A77D3CA7D23130E8460CB_2320A8.jpg;NaN;
mask_cmana_23F1D387F11B8699F01079ED982A07B448D25D32B469C024C5864FEBD1A1785B_23F1D3.jpg;NaN;
mask_cmana_24B6D8020851E13ED0AE6E35FADB9CEB2A40B1512D8F02C54BE79E6E4A3E2FD0_24B6D8.jpg;NaN;
mask_cmana_24F436EABF2D60F48CC21EBBA46CDF311C7B305BDE7D75DD3A039B2A121876BC_24F436.jpg;0;0
mask_cmana_25638752E9CB2952C901A623289FD666831222D74BDCABEB89FAA7BFE121D1BB_256387.jpg;1;1
mask_cmana_2572769FA7535A99125C9A68443F613BC9A1D4A74B462F0124632B1655886F97_257276.jpg;1;1
mask_cmana_25D7E7FCC3E093E5FB150B3E9A12DA93EFF3D13DCEA79F10514BBFE48A8F1A42_25D7E7.jpg;1;1
mask_cmana_25EEF2A8F231FA6E32480620A4E99305C68D402588C1F988EBF60839FF844073_25EEF2.jpg;0;0
mask_cmana_261BD312D7FFA1C2BE9484768E2D30D4D4BA442A8C219F948CD699A2422AFD39_261BD3.jpg;0;
mask_cmana_2641B8E7231586E47B83C787258B512DBD72B06226019BB6DF7AD7C1841B9444_2641B8.jpg;NaN;
mask_cmana_266404764C23E15ECF0C5E94055E505CC4E059CAEBAF1B0DC34A0742B8C22806_266404.jpg;1;
mask_cmana_26D43D4664793132F0236D55E140F82B561710D2F4D3822D0FC8118283F921EF_26D43D.jpg;1;
mask_cmana_26E23D6B3796AD0192729721B501C393D2B70AD0331C66F658DE6EA80CD89FA2_26E23D.jpg;0;
mask_cmana_271E356A6CE3808E5F0976A67D49A8BEE68B1E9B7F4753F4719CB76B0CD669CB_271E35.jpg;1;1
mask_cmana_286333909D49CB0DC675B10127AEA82D09A50788460109D32BFA13DFD0EA2B95_286333.jpg;0;
mask_cmana_289D27C81D0AEA2756A668E30AB11E45D1B14814C134654CA222ACE13DC28B5E_289D27.jpg;0;0
mask_cmana_28A0D16B1E1B3FDA428A839EA340ACC35D36AD39C5DCA45FB7645901899AEBAE_28A0D1.jpg;0;
mask_cmana_28BA76DD36925ECACAE79DDC92C5B52DA4AC012660166296E394C25E04315485_28BA76.jpg;1;1
mask_cmana_28BF8EBFC79984F47EA6763B4EC1BB41C12EBB163F6FB0005634BE16BB65DAC5_28BF8E.jpg;NaN;
mask_cmana_2983E36AF3DB65847821009864CE48BD6F64B79A0D107DEA560C80009A36CE81_2983E3.jpg;1;
mask_cmana_29932F1D24530535BB0C731A5DB0279388F88F4ED4354B627CB7543632394261_29932F.jpg;1;
mask_cmana_2A0F3F40A99593A9E9EFD6DCBC0651C669F4F58CF5FEA9FD385B50B6C841DE5A_2A0F3F.jpg;1;
mask_cmana_2A196B3F7F6E0DE378A89433E9C64967B9AE2429C1380443944F304562C8E97F_2A196B.jpg;NaN;
mask_cmana_2A3D4DD19D19D9BBE57EBB4CE73146879DDF1DABD912F89DE59B733074B0F38C_2A3D4D.jpg;0;
mask_cmana_2A94E2BC3E1296578B0652DB55A60CF45806A09C4A55CA4E8DB9C323E4643597_2A94E2.jpg;NaN;
mask_cmana_2B7C547E0CDE38C31BB0BA2CD9B4EBCBA2CA5E930042A0A333AFFB4CF312B684_2B7C54.jpg;0;
mask_cmana_2BB9EF6D1C902631B1E1E28F110E259B1EFAECD4A9F94CB09BD60B8AA91F8686_2BB9EF.jpg;NaN;
mask_cmana_2BE3C2AB0696A7D780C98E5A61788DCFBD6B79ED286F5D346D408801373ED608_2BE3C2.jpg;1;
mask_cmana_2BE6FB341E94C33F034E31BC9ED0F873CE59DE16677C4B2388151CA37A3350C0_2BE6FB.jpg;1;
mask_cmana_2C085178D391752C283A5E92E4D29D37C8DBACD3D45E5C83DD8A908B2F43B5DD_2C0851.jpg;1;
mask_cmana_2D02937AAD332D92996EFEFE32533308A698E818F48F23AE538DF462B8F42BB3_2D0293.jpg;NaN;
mask_cmana_2D0E5811F07A6536FB262E4EE3CC983FB40453782783259933F0259D0DC13762_2D0E58.jpg;0;0
mask_cmana_2DF04C8CD02E8E6C50FCCE693526E74DD7BC25184D1C7732FF3C80768E5EA2E2_2DF04C.jpg;NaN;
mask_cmana_2E0FE4F5CC16F597A5A3A7F73B2279FA3D516F25E9EC535A2F2F1B89A9D90655_2E0FE4.jpg;NaN;
mask_cmana_2E3D2453E6220AB8FA2F91041AF240D969A4C5C6C54BBD4D340CE109B3F86C60_2E3D24.jpg;1;1
mask_cmana_2F65FFF94ECECBA60CD85C695E192F97D871674292668D303DD9DDA2629AD737_2F65FF.jpg;1;1
mask_cmana_2FB888F9825A00EAA2B9B90ADBB3A97C0A6AFE803E30EDDC693DA9C21F348F1B_2FB888.jpg;0;
mask_cmana_304AB37FA9D3FB4D604A82BD6F8F37B2B9E7A531F62E63A39639F7ECBD59B77C_304AB3.jpg;0;0
mask_cmana_304F3AD546248BF89AD51E7E4E5970BAAAEDB21CD764A6BF913280DF0CCB09A4_304F3A.jpg;1;
mask_cmana_30518D46531DDF6268A95AC522EB56774DE3742A35B9A8C1921CDB86E1FB21C3_30518D.jpg;1;1
mask_cmana_306FB2E6F433B4C7FB29EBBA2EB2C7BC08DAEB135AD3ECE8216ACCA894689356_306FB2.jpg;1;
mask_cmana_3078041382F2B39D541F9AA341293B00B298EBFAF890A8FF071B8ED9C7E6B720_307804.jpg;0;
mask_cmana_30D62280ED25B1ABF423FF7B202F9CA942D19B18B7404B8ABD2B2EE17C2DC86B_30D622.jpg;1;
mask_cmana_30E1CAC5A656763AD9F41A429B475CAA6E2DDDA1CC4BA139A2ED9F86CD5C8BD8_30E1CA.jpg;1;
mask_cmana_310AD0D04F7E817B09738491CBB939C4FABFE03E0C05A57E368A9FB5B575213F_310AD0.jpg;0;
mask_cmana_3134324B738660C6052157321AB5184B977709B64D836AB33EDFCC3D87828569_313432.jpg;NaN;
mask_cmana_318AB29DA2633F91DCE0335BCC4DED8606A74C7ED6A5A1D0D085C99553F566F2_318AB2.jpg;1;
mask_cmana_31E0BFD2E2C18C39FB9219F7BD61C08AB3A4467D6B6B6B91CDC0EC9D582C85CB_31E0BF.jpg;1;
mask_cmana_32081F8A8A6A4C61C90A56232FE12BBACF24F27813CDBD7061C49C77B6144532_32081F.jpg;1;
mask_cmana_320DBADD64C2B9E7E5C29A03D0A1DA576300DB68A7FDE8CD9861289C9B5CF998_320DBA.jpg;0;
mask_cmana_326E0FD04D3382F2E2ECEE81AAB068EEE5F35BD05D7E1C417019BDE97C4F592E_326E0F.jpg;1;1
mask_cmana_329B9F06445463184DC328A47C4F5EC339F95389D17A0E0F436CDF1B46720C26_329B9F.jpg;0;0
mask_cmana_3326482B076E12FADEAE68F15FC5403DB6DCE6AAE21C780D25B695AC34DEE084_332648.jpg;NaN;
mask_cmana_345D49E531EEE5299C964D1EF760C1196D07BE697791A6606440A7944DC35396_345D49.jpg;0;
mask_cmana_34D0DA5F148E7BEC5D56B9AB789C0D33ABEB92EEA91620BF32D35476CF00C35C_34D0DA.jpg;NaN;
mask_cmana_34F8257CAE261AB7460F460ADFD4E7A2FD296F46EA7025523CFF76BAE0BE8092_34F825.jpg;NaN;
mask_cmana_3506A2590FBD5181F996345CFC4428AA2DC056A24928B7637E99AA804782F929_3506A2.jpg;NaN;
mask_cmana_35662E34B3B0B3A3311B93C319C67554888C3B630C2478E880C165F0D4153DEC_35662E.jpg;0;
mask_cmana_35BBDD31942D2E4D20ABE32BC722A586139A1F1822370A7753F99064F6F61713_35BBDD.jpg;1;
mask_cmana_35F2448278F1D6E9922A65459194B4E214560AA7829A972175EDBDE04C272096_35F244.jpg;0;
mask_cmana_3612ED64AED627449E4AE3C223DF16D63BED82E3557D5BC171266A6B1DFAF69F_3612ED.jpg;NaN;
mask_cmana_3662FFC0D74E6B0D636DA3CD785F6870DB5C4494120E861C2DFDFAA6C6D0E044_3662FF.jpg;0;
mask_cmana_36776941F77A63AA734A4BC33B062EEB44FC5085CA7FE2CF8CDC5CF05CDD8FA0_367769.jpg;0;
mask_cmana_37322AB26B2DDE5929865A420FD30889CD99F979E060223D5AAA3BC4DD90A59E_37322A.jpg;NaN;
mask_cmana_38795BB58C2A4953C47F4CF77D4D94262BDE0305D0D454C4EF9E4AA953DE61CF_38795B.jpg;1;1
mask_cmana_38BE63F4BECA0CBF19B1397DFCA4E5EFF4DFBACBA91932EC57C6410BA50B642A_38BE63.jpg;0;
mask_cmana_39FA31F2CDD478924F5A7F09E8961B5DF4CF932600A8AF5981DF8C7FE4EFAF4F_39FA31.jpg;1;
mask_cmana_3A866FDB36628375844C3F08AB30FB42410DDF0A06F6975BA2AA1A3DB4C35505_3A866F.jpg;1;
mask_cmana_3B3CFED848C67F731E4661D212E8FFCBD45A9A26E15F1AA90D50B410F2C07FDD_3B3CFE.jpg;0;
mask_cmana_3B409C3320A772C906B8DE55DC3E344B7B1CD4739327B58F90349535E67C2FE6_3B409C.jpg;1;
mask_cmana_3DBCE546C61F3A0FC29CB0351A5ABFADCFB2353CE1C55031968688DD56693977_3DBCE5.jpg;1;
mask_cmana_3E220EE0543D900513D963E6F4D000A23A5D89F06BD9594C7C6D32847CCC4A07_3E220E.jpg;1;
mask_cmana_3E5D1E392B7FFF6237F31231D1CB05181544E76843A01C000914B81EE956C1CC_3E5D1E.jpg;0;
mask_cmana_3ED287F897D882B4F04DB60645BDBAA884D387B67E718B1696DA52590B2B1BA3_3ED287.jpg;1;
mask_cmana_3EEFB83C9548E0A062FA41676987E6020D37DAD59926FB196CB38207A4957263_3EEFB8.jpg;0;0
mask_cmana_3F2B8CDF5C1E3BBECAB4B932781D4E68F768757D814E10C343AC5E13151E18F2_3F2B8C.jpg;NaN;
mask_cmana_3F4B46DDF9DDB6EE7EC0CB81219F1420DEA0DF76044FE29189F98D55280B898B_3F4B46.jpg;1;
mask_cmana_407C6588D4F8CD599688A31D0AD7B0C9128F416183B77FB06E31F6F1DB77DD42_407C65.jpg;0;
mask_cmana_40A49BBBE59D91C38DC3A00F404C0DDDC878186C6477061489DC23817DAE3518_40A49B.jpg;1;1
mask_cmana_40A7DE1FB86B476FF4B0AF58573DA2C2F3F23172303F07581841A3E557AFAC6E_40A7DE.jpg;0;
mask_cmana_40B42B931DA9FE79A73CA22DD7266954EC250AC41BD886BCD675235FF09E5426_40B42B.jpg;NaN;
mask_cmana_40DEEFF09C4CFA591A1582EAE54B0EF2BB96A9C8DBF6EBD5A0E9BCE4AFAB401A_40DEEF.jpg;0;
mask_cmana_415579DB103DBDD16631DA9CDE32515160069CD01B9BFE8945470700FCF04BDD_415579.jpg;1;
mask_cmana_41736A3092C992E3D7AA06B64BAB65A2F0039B2E32AC966350ED3D67227EA528_41736A.jpg;1;
mask_cmana_41B04EB04694BF863461339626420C6CC7DEEED1B8B7CBE1A0B29C04A8142B45_41B04E.jpg;0;
mask_cmana_420FFD52A512EA66D5EF836874E3CDCFE12F0D03EC274687C3271BAE9BE424C7_420FFD.jpg;NaN;
mask_cmana_4238E8329C9A4F7A9C80A4C27A5855137837C15DB9EDA1F0D46011C04784CA71_4238E8.jpg;1;
mask_cmana_42C7B2A177357D737483A796BEA5E26978196F4BC0F0FFC306F369E779C4774D_42C7B2.jpg;0;
mask_cmana_42D5617ABD0D021CFD14C86E28623E1DCC23F90F7B4FC1CFDF57C2A4E06D41CB_42D561.jpg;1;
mask_cmana_4350083A1EA7C7820123DFFF4931CDC354A2B6AD9B19B99A1B6BF93D6DE0D2CB_435008.jpg;0;
mask_cmana_4356AD706419A1C650609911C4122BA98BBCBC0C1F0872CC824C95675FFA51F7_4356AD.jpg;0;
mask_cmana_436CEF898526144D525A53599235025A09FDAD2C45C212A466DB05390B9C06CA_436CEF.jpg;NaN;
mask_cmana_43A35E60DD32B5F3CA3882EBBC8DECCCBA9781041BAF32A8595FF54AB6931B9B_43A35E.jpg;0;
mask_cmana_453522C3C9DB7EE52D6FE24F018A302918B229800756B67049A0A7BFA3FC0439_453522.jpg;0;0
mask_cmana_455D0B0FC12CC4F40D04D771D047CF4EDEEF098D8F2CB4292A9833A5D9B844ED_455D0B.jpg;0;
mask_cmana_457BC3ABE8AD0BDD883157D96CC2C608B732748273773812CD609160890D167A_457BC3.jpg;1;1
mask_cmana_46D349B08F1829F7DD4B4174E5262321004AEF297163F90A38534FDB9AB2A06D_46D349.jpg;NaN;
mask_cmana_46DC398792EE69C6812E6D0CA0E54A4884EA968CC1721AAFF77EE0B764C75414_46DC39.jpg;NaN;
mask_cmana_46E7EA817A8C13B6520D323F4B769ECC72536BB3E07464088A999582C3BC1C2A_46E7EA.jpg;0;
mask_cmana_4736ED2492F35DA7EF04C0BFDA3988C51FA53EE48182AE0A3FAC1261E4F0E5F2_4736ED.jpg;1;
mask_cmana_47BCA02DA31D045CC59D6C83C9BCCBAD992520049BCA9135AE4B8F68373323ED_47BCA0.jpg;1;
mask_cmana_48AB8758EC6969FF64DE815AD8FB605E68775C076223C1108D605FB119C6F735_48AB87.jpg;0;
mask_cmana_48C5AF67A683D9C8B71F2F462DB90436F4BF5D00454A48F5F05ED440F7207856_48C5AF.jpg;1;
mask_cmana_499F4A33DB8128E140333E40D29C504F094B9801D028225F43A03CAA4C03085F_499F4A.jpg;0;
mask_cmana_49A988356986215845BC340F80B92A6A7DBEDC8CD996AD2F3269BD40BC61B6E0_49A988.jpg;NaN;
mask_cmana_49D27BB354DCD532E11940E617EBE5F7BD82FA666B0EF372C9CB89F6ECC2BB8F_49D27B.jpg;0;0
mask_cmana_49D31303D87CE017E4F9E453D1E0D18E4D445F966D3321C100E1CA0793C17E3C_49D313.jpg;0;0
mask_cmana_4A29F5E4C2F4F7EE9D7937A8311BC9DCE6F312BEA78A2F3DEE426DC9582FBFF5_4A29F5.jpg;1;
mask_cmana_4AC2533C39FC2AC00AF9D27ABF14D42154A6790376F8201CFC677C855A223151_4AC253.jpg;1;
mask_cmana_4ADEC6EDA6E8290DE3D4CF396377BDE3C7FE13544A0D5DB007E8B8B87FC2FBEB_4ADEC6.jpg;0;0
mask_cmana_4B1FEA16FFB497FFA2CFF09DCF997A9DCFE9BAB29F2CD0F27EFD38D9C0CC5A17_4B1FEA.jpg;0;
mask_cmana_4B61BC01ECC099CED2610A4D777454E958B0783E46BDC1DAC2CBE08D1E2E05FE_4B61BC.jpg;1;
mask_cmana_4B771BA7BBD954EBC9EDFB3BE2A715F5D3548AC0FA49DAE56ADDFDE02E2B4057_4B771B.jpg;1;
mask_cmana_4B889CDD076CE88060AD2DB6A26661A3E12DE9BB8FBAE347730B7B6FFF15235F_4B889C.jpg;1;
mask_cmana_4BC5ED54B52FB18C5DADA51264D1EDD70559F2CCAACD0BA1EC79458D232732F1_4BC5ED.jpg;0;0
mask_cmana_4C7BD82DA10C78591683E39E667C2530E200EAE85D4F71B07DED5ED4BEA9E707_4C7BD8.jpg;0;
mask_cmana_4C8AA88CDBC8C6BCE197A67CE7C5768CEC9C8417717DBD04A848F64B8E2B2365_4C8AA8.jpg;0;
mask_cmana_4C97CB773E061D1D720AD0E546A839D38C9D343DAA40370AC2EA827CDD16783C_4C97CB.jpg;NaN;
mask_cmana_4CB8DAC1D720A4D2B7F75F94F191BF0DAB2C7DC7F9FCF3D5AAA6092B385ACBFE_4CB8DA.jpg;0;
mask_cmana_4CCEB259BFEEDFB347C4E0C89D53EEBB9F52EC7FDCA83788A6AFF31E11D80295_4CCEB2.jpg;1;
mask_cmana_4DB2F9D564C029891468ADEA3C5BCFE2158D13FD2CBDFBDF7C68D3D8516E1B4D_4DB2F9.jpg;1;
mask_cmana_4E27E2E525701D2F918EFCB9DED6A2DD717131DB812283C343E8C630E3F3122B_4E27E2.jpg;0;
mask_cmana_4E6C6330F9168796A330441C45798C3187927DD3C16FE1049267066D84724BCA_4E6C63.jpg;0;0
mask_cmana_4E946583A600D0BFBBA7D8BD835C2242DE343658BCF113E9FC8273D3CBE76F6F_4E9465.jpg;1;
mask_cmana_4F46479775B04AE2239E15841C1EC1911A281C381D96D9D41B96FE18609F7AF3_4F4647.jpg;0;
mask_cmana_4F921D2C678E50B8BE5048DB90D80DDA9FE15E1A5D6C73F923EB8BF4B509980A_4F921D.jpg;0;0
mask_cmana_4FA3D758B6AA2B69E305690D88003A03A6DB219EFCA4E7A21015A5E789669034_4FA3D7.jpg;NaN;
mask_cmana_501F492BD8886344A2CBC82D87C03EDCDDCF5890CA339A84F415ED0521B3BD92_501F49.jpg;NaN;
mask_cmana_510D4340D29E9DA3AB383617FEEE70FB627A1BC554572D2BCEDA0598BD49A101_510D43.jpg;1;
mask_cmana_5124466882C2390D3F9AEECFF08650A7DDFA08BF46B5178E9F19B3C378A5EF6C_512446.jpg;0;
mask_cmana_51B16721D852415063EF975FE1EF55B8483A65FED7A59D1F12B39CD89A9892B2_51B167.jpg;NaN;
mask_cmana_51F86395BEB697B8DB6395DCFF8A5AE297CC6689C907450537F0FEB7EEBB2179_51F863.jpg;0;
mask_cmana_520EDB28658D225073F06372599341574E667858E3412C30E76848DBAECCF537_520EDB.jpg;1;
mask_cmana_523B52410AA88C2BAEF1E7CABF460AAE3E771EE3C482A31A773D08866321FC8A_523B52.jpg;1;
mask_cmana_52758AAF834489AE2E0B13DC5DD47ABACB93FD62BEB2E107CB6EA6EC666FC53D_52758A.jpg;0;
mask_cmana_52BC50CFDC83F71AF0D7C0E7753EBDF4B1769433AF9A381840FD894D6902140E_52BC50.jpg;NaN;
mask_cmana_534BDC4208041CE1352F3A961F901C79694CD13AC8492449F5199ED075C25AD7_534BDC.jpg;1;
mask_cmana_5379BCE81E153E7CC989442E39C006CAA739BF86931D6671D39EB1C521C22BAF_5379BC.jpg;1;
mask_cmana_5470E385E91EED9191F540A800C24C4C7803396F31A8E79AD0F3E0AFFB1542FF_5470E3.jpg;NaN;
mask_cmana_54C4258DA24FB13EFD33A4B81F7155093BFE73481FB4D5316031B2745B46D6FB_54C425.jpg;NaN;
mask_cmana_5534F351C618D828E0251F571AA591F8368EA3FE97AA42EC26CAEE8AA6DB16F1_5534F3.jpg;0;
mask_cmana_5551F93AFA76791271BA6CDE34BFC59D4149D8EAC7FA84B5064308794FF209E9_5551F9.jpg;1;
mask_cmana_55FF452F8E7C1E758B775178A4A7980AF621FC7A2623BFEE391DCC447A78B567_55FF45.jpg;0;
mask_cmana_56121169065F5BE0BD93B76FAC9BBB2D9FD064F36DEECBDA0624A17344F54E33_561211.jpg;0;
mask_cmana_569E0A55968027AABDB5AC9E0B57C119E3AE01FBAF6CF0BE4E64C6A9425D97DD_569E0A.jpg;1;
mask_cmana_56D79903E01A4426988685369626AAC102CCCFBE03DFA57CC48B80BCF18DEF03_56D799.jpg;0;
mask_cmana_576B768103A4420280E87264EDD2E7D728054C8D3B57DCB78FE5506C4B54ACCF_576B76.jpg;1;
mask_cmana_5891D57738DA5451842ECF26BC532A4D83B156263BF201AEBAF719A46A8C8160_5891D5.jpg;1;
mask_cmana_589DE89AB10E58529504A8EB40EC5B2D84C4A8F32583B46A96CFF13175435063_589DE8.jpg;0;
mask_cmana_5999D93BBF0D81988A6513D8C5CF43C6E9B60877FCBCCE687C49942A67EA46F7_5999D9.jpg;1;
mask_cmana_5A6CDAFAF82B594F5366BFAE5FEBDDAA4E78CC36B99C10DE0DBF2DF69EC74F20_5A6CDA.jpg;0;
mask_cmana_5A74CBC0FD6393B969EE9AB831E389A38592DA6FA9F97A665526E0463558FEB8_5A74CB.jpg;1;
mask_cmana_5A770269F1A4DF397F0107D1D18B2C4727CC905BA309898B7EA6AB0181BF2269_5A7702.jpg;1;
mask_cmana_5C70BF4E7DA0D2111EF3056584994FCE7377682334A28B6773D75837404D2546_5C70BF.jpg;1;
mask_cmana_5C8CCA14BFC5DA95F375E291087BD8B388D4810D0E65328CD88CDF09312CDE78_5C8CCA.jpg;0;
mask_cmana_5CBABB126182C10A528CD9BCBD32724407957842E8FEC8CC3EA6CB7C503D0CE7_5CBABB.jpg;1;1
mask_cmana_5CC548B964A1EDBEBD166CB08F05DEA1237AA93A5BD371D7CE68FCF7FEE2D488_5CC548.jpg;0;
mask_cmana_5D4CFC60869CF108B9E8E6E1391FBCBB1E48A841E4A783049786601BD83D8825_5D4CFC.jpg;1;1
mask_cmana_5DC9EED6A5C2DB9818494DF1B8886D5BD1D3C68564ECAD3610FDABE139DD38C5_5DC9EE.jpg;1;
mask_cmana_5DDFE8B381B6DF1C1C757AE83832F02318EADD10904C10C06889BCE1739043CF_5DDFE8.jpg;NaN;
mask_cmana_5E0C9DDC17B73E3B5908703724F69F89411B006D39D1DCA0A717B44D04FB1001_5E0C9D.jpg;0;
mask_cmana_5E9F2C4C14125F37DB3B18C48C0A917DDD9A2EDE213DA47E2C2E6B7625D88063_5E9F2C.jpg;0;
mask_cmana_5F527FDC59B643E911CABA41A7B11D511DDC9CD66B768FA25E092548616FDD3D_5F527F.jpg;NaN;
mask_cmana_5F63E1E34365242130AEC25B54933640B5353322D481BD82B924A0B8BDD95E2A_5F63E1.jpg;1;
mask_cmana_5FC7FD5079F1DCD8D03A62A6B34AF37170E186E312DE2BF3E829D53F2C3492DC_5FC7FD.jpg;1;1
mask_cmana_603506A101FD64FBDCCD4647D30C0571E1CF1551F79EA5F29BBF4013EF5CF99C_603506.jpg;1;
mask_cmana_6073B10EAF9508F3CA6FE850A0079B5A1486A3A12B2E51958F742D4897CB5582_6073B1.jpg;0;0
mask_cmana_6121141FB93CEAA679A687882FF207F7352E5CB3DAE6FC3FFA5CA92527F43579_612114.jpg;1;
mask_cmana_616E2DD784560312405D1B97FEE27B6EA1CC29E013B3E1AF48FAC47C6B2F2465_616E2D.jpg;1;
mask_cmana_62A6E694097AB40281994DA22C06D2C58AF4646EAEE764F555794EB08B93A8D6_62A6E6.jpg;1;
mask_cmana_630E9FB324CA13AFF678C3A906AC15E9D739A01D2FC231BC1236472BDCDACD5F_630E9F.jpg;0;
mask_cmana_63866FD25E00D7FE06A3891D6D2423FA5664B808DDA2C85379911E76DA64244E_63866F.jpg;1;
mask_cmana_63A52B0A89845C2917039FF273CB162791B30332347EB7830CA9D7F592A34F23_63A52B.jpg;0;
mask_cmana_63AE280F2D85A3A5EC9C323A3CC105AA2F95597DE0A344F66EA2D7BA59ECD89A_63AE28.jpg;NaN;
mask_cmana_63C267B374DD03F87FECBBCC633E9171D8C3F95B7614E82A0BB937A428AEAC81_63C267.jpg;1;1
mask_cmana_6402933F85AD764CDFA3638B8A8DADBA6B8E62FF5E3BE32B49E507044AC68B10_640293.jpg;1;1
mask_cmana_64531E5E0978B96F71F092AB198B50EC5EF4270B075E9D70136A5265D96EDFAE_64531E.jpg;1;
mask_cmana_6477210BA9202892AF0CE21E38F6CD024E9EC9205E4FE112D8942B57E2C13F5F_647721.jpg;0;
mask_cmana_64D6BB3A5B059DF3B36D8E47320350E1A0E32593CB2F5C3AF15163A7CFCD6BE2_64D6BB.jpg;1;
mask_cmana_65F7B311FB02B0290F38F727F21D9B39DF5F32A0DC6AC636A4BB008A503D69E7_65F7B3.jpg;0;
mask_cmana_661B17E5963EFF1D50FAEBCF3DED71F9488A1BA660201E16407F43C053813590_661B17.jpg;1;1
mask_cmana_664FE4632CAEEE1A5D489AB946B94B20F1F308BB6CBF631B49482EA8B224EA7D_664FE4.jpg;0;
mask_cmana_6687C0A427EE34DF4CC329438C07D79F4751C067DBE38A16BABBC37B56B01F58_6687C0.jpg;NaN;
mask_cmana_66A05F600BD90144B6F83120C64631F79B9571BF43BFF6EE951E43C5A22AF807_66A05F.jpg;1;
mask_cmana_67136A051A54554DFC6A896E779505046F11B78CFDC9FC685EC2587F0F566EAC_67136A.jpg;1;
mask_cmana_6724D710105D5C28F6A25C70ED970E9DD1CB656870AC1E287FF3940E658B8131_6724D7.jpg;0;
mask_cmana_672ECA03DDEB98ABF857ECC813095A9916F507BD7004E8A99FD5712B285BB01B_672ECA.jpg;0;
mask_cmana_684C4B34D405C4224B9143F44284A9488B0C91FD474F5CA31026DC77CB13B912_684C4B.jpg;0;
mask_cmana_68623FDD92EF211B0EE0E30C43C3B2BD5124DFCABC6F4FBDAF7F5E59DD999141_68623F.jpg;1;
mask_cmana_68770C75F206E66683759178198BD0E3E0701974E1CB04A634DF6112D625E6F3_68770C.jpg;NaN;
mask_cmana_6896C800DD9DE5B2E9EFB3FD2CA1AD2B34D04B9B54D96BD0AE74E3C1AB88E300_6896C8.jpg;1;1
mask_cmana_697AD9FA341D92DDEB520CDE7B2D5D735E4A0564A4E28809CE9DC050D58D00BB_697AD9.jpg;1;
mask_cmana_6A4BBA0399E08F4EA16B3C774DBFC2394261763C8CD8D03B3FCC4CAE16078A97_6A4BBA.jpg;0;
mask_cmana_6A71737DAD73B3341DBEA43C619465EC97AD25439CD37313441A1C4DEE3A4F36_6A7173.jpg;1;
mask_cmana_6AA61806EC61FCAEC713347E6AAFA3196F609249BF75E36C1546DEF3D5D11177_6AA618.jpg;0;
mask_cmana_6AC62FDA97896E88F2C0DF45289EC8E3402045A6C1D05413B98B5DF62BC20B03_6AC62F.jpg;1;
mask_cmana_6ADE9A8459E9CFFF4F37065FC722DFE0D28D3B69E684FDEEDA43F6BB0F97A25C_6ADE9A.jpg;0;0
mask_cmana_6B21299C28BFCCD95D8B6FDFE1A4CAFC18F286F580C1F0AA352592814AFB08EE_6B2129.jpg;NaN;
mask_cmana_6B2C33D7E2623E9F2C4B997716D2AACAE714CF3074FB770B335AE744894EFD63_6B2C33.jpg;NaN;
mask_cmana_6BC92F77144FD48142E3DAF61C4353D2341C7D612686CCFC9ECD785D457FC1D1_6BC92F.jpg;1;1
mask_cmana_6C2D67F9521F078D36258677895011F171CB54E32F02751B6499D02A62EA84EF_6C2D67.jpg;0;
mask_cmana_6C88E78E54AB6678D8C101682854897450A7946CD940284289981A6E364610E7_6C88E7.jpg;1;
mask_cmana_6D0E86583DB83BF312BD3CB074DDD4818BDC9AFBCB0C2F8E141C68CC80A6CB49_6D0E86.jpg;NaN;
mask_cmana_6D1D000EDCA0F9CEA42D7546528202C15F37FF4A155166CE26A0C992DECF4FE1_6D1D00.jpg;NaN;
mask_cmana_6DCF513C8A3163ED9A0917E99FD97904D89A37308A719BE6EC84DA0CFF4C3849_6DCF51.jpg;NaN;
mask_cmana_6DFA02692AAEF01C702D1656621212C2710E2A1A4E4E7DDC425988C7F0FED74B_6DFA02.jpg;1;
mask_cmana_6E1EC6E5C6DE9CBA76757793F20C2826D36209151E088CDB9EF69477A510FF6F_6E1EC6.jpg;1;
mask_cmana_6ECCD6C475A1454628642E43015B888EA70A1345C37343C317ECBDD4741592B0_6ECCD6.jpg;0;
mask_cmana_6F2AC7940A861547510A78746D6D3A67704E74DE9685077FB6E0D6FB243E83AE_6F2AC7.jpg;1;
mask_cmana_6F2EB725F765F739CDD4C93E0C367B00DC4C6F4D5BD6272602D47616E61E74DC_6F2EB7.jpg;0;
mask_cmana_6FB25F42281A24638800F572925FFFA7AB5C238D0D3846665DD6A7ED67230955_6FB25F.jpg;1;1
mask_cmana_7073B29E166E08FD5D5FE544FF476EAFCAC88E96E0CDF9F35945538D0CA49FBD_7073B2.jpg;1;
mask_cmana_70BBEB7DAA51B87E6E20349A560291A233CE8596BCC1B87C73F077667CEFD78A_70BBEB.jpg;NaN;
mask_cmana_70D7BFBE57829559B9FCFE3842AC2983435254404876308C667B24285A4F63DD_70D7BF.jpg;NaN;
mask_cmana_715FAD9DE42467D800D3B003D5A4FDECB6DDE67F67EE5597C9874E79D9E72CEE_715FAD.jpg;1;
mask_cmana_71D098011F99520C0ED27B297CAB0227C7E69D76F5FED84BFE5F985C35F52033_71D098.jpg;1;
mask_cmana_72C80518CBB11D9C5EE9D2B1A257E7D5532F88670B16089316C2E722F3E4FA9A_72C805.jpg;1;
mask_cmana_72DE336CE4F2D6FEDB0131E4634F7D7A72D6B390D3FC4B4BBD42900CCD6E448B_72DE33.jpg;NaN;
mask_cmana_72DE5C8CFC3330E4D8CE957851A7940AF8B7C4263C04C074D30E437B4035C21D_72DE5C.jpg;1;1
mask_cmana_735C844DE31DD8EA777B97FDAE776484329933A9AB5732E6CA084D582EBE4DB8_735C84.jpg;1;
mask_cmana_740E709A46823416D8D65E3371F120521644092FD6BB4D2D4BECB72EE70EE116_740E70.jpg;1;
mask_cmana_743A63F343E1DC7270071813BCBB2C7673969C1780546750B95793F84BFBA2D3_743A63.jpg;1;
mask_cmana_7479FB409C4B38054EB36A0CB5C241810818666C4528DF10788ECFCA88A69F3A_7479FB.jpg;0;
mask_cmana_7502E6FCCC3BE9822FCD0EEB718264AD5C52CA5E681401FEB8B3C0EBAD2D9B13_7502E6.jpg;1;
mask_cmana_7572074C776E1138AE70F2BB69674A00DC347041A785297C46407A000EA4E587_757207.jpg;1;1
mask_cmana_76429A4F27FEC6119ACABF02C2A10729F4F5C1C9DB91413900CCBC5E16BD1FA1_76429A.jpg;0;
mask_cmana_7680E73B62AAFBA8BC15E8FB56610807C8A52ECE4FE0443A731C744AC6E1E645_7680E7.jpg;0;
mask_cmana_769839508DF8FC7C82E000A1E1067F2DDDBC9494ACA78D223D4BE235B9A504FC_769839.jpg;0;
mask_cmana_7799E7F68D3CB865557E36F593A623F58FA2F43068CC5C112E924F9F32CEAF03_7799E7.jp;1;
mask_cmana_781610DF6AF35B5A2D32BB879192F2A87B89B8BAB86414E11110C856E8567D45_781610.jpg;1;
mask_cmana_788BEF0DBC82A3F83A63C025CB2AE306C0846D447DC3B738DE639AF50268F762_788BEF.jpg;1;
mask_cmana_78F198FF18EF4E6C28622A761AC5395374AC4D9F0D741547606CED5099841BFA_78F198.jpg;1;
mask_cmana_79225223829010BCF2401488E6470F0F8F9CC801AE28B320301C73AE56901FB6_792252.jpg;NaN;
mask_cmana_7A6D527A7D41CCB1068B91996A370C6801A1AB7BE55A26C4F1982A5EA860ECDF_7A6D52.jpg;NaN;
mask_cmana_7B9C97BA3B1178218EF820971A7AB3BDBA4AD9E7E3B36648CD94C1950C36A931_7B9C97.jpg;0;0
mask_cmana_7C294D8420A7C7ED92362994E7885FDA2F595D7AF03E17B7A32E6B685087110A_7C294D.jpg;NaN;
mask_cmana_7C6C414A8659AACBFD897B2599EDFBEDED8843B67CD63B840DFCA44E6971C937_7C6C41.jpg;1;
mask_cmana_7C8C24A4DB1B2D420C2CD79927ADCD4D1D4B47564F96EB4BEC656700F2C6AFF2_7C8C24.jpg;0;0
mask_cmana_7CCB1F04C00C0FABDF427937FADC59A7EB8E66CE75162DB1F4C9DB6E25716AD2_7CCB1F.jpg;NaN;
mask_cmana_7D2486BFECF0BC9D5BC4EC900F41CB03ED15315438A5A003FC06D1CEE9D4C798_7D2486.jpg;1;1
mask_cmana_7D8861D5CB2A9E99F5F6CE05C1D5FE1752D0F5EF59BB1503B2ECF625DF39C4F4_7D8861.jpg;0;
mask_cmana_7DD266EDE65BF18456B476FD4AB16AB7EDCE1F83EF94DC3716ECD848C90C7E42_7DD266.jpg;1;
mask_cmana_7DFEFDCFDCC64D4DD8DE6C30939E5862749791D9A5BCC9753EBC1A833D1148B3_7DFEFD.jpg;1;
mask_cmana_7EFDBE275CF784CD031C39D780A70AE3962DA4609124A41D4EEF42E23BEE2E52_7EFDBE.jpg;0;
mask_cmana_804E4C444AEE37D298517B97FE822FA4E8AEF45F1B5395B303BF3F82E7162D0A_804E4C.jpg;1;
mask_cmana_806F1E599308D61AFF3C4022C949344783446C5EF02CE1B320FE0A372AA3B304_806F1E.jpg;1;
mask_cmana_808B1BCA3E2D8529D6032FA6A6530F97978C2924FAC1509CAFB143E07E94DB64_808B1B.jpg;NaN;
mask_cmana_80FF969A49BDD100EE90684BFD6705850CCB719A9F90920E1F41AC8BA72E1B5A_80FF96.jpg;0;
mask_cmana_819D3D66D7CD3B04C8ADA8D64D96B542AE8AE05BEDE8E567606D075BC757A6B1_819D3D.jpg;1;
mask_cmana_829014ED95C4C1944A80BF135A62EBD935C5BD877487346591474269571D8C28_829014.jpg;0;
mask_cmana_82FFEDE5F46649CC36F080F00F79BD7C97F91EE2BA51D537F74B7FD18CEDB333_82FFED.jpg;0;
mask_cmana_830AA016FA64783023E2C339955184D76254187786C2201DDF4580D4617930DC_830AA0.jpg;1;
mask_cmana_834E776E7DF0C2C77EF25B49E4AE1204FB5BBF7B24C989BDA36A8ABE10C0F172_834E77.jpg;0;
mask_cmana_83F3163FF9BABFFED9BA248D73C84E4B948ED0B42A922FB338463046DC175992_83F316.jpg;0;
mask_cmana_83F63EB76EEB5706BAE56451DC65AD8AD95FDFDC8FABC92B9672AF11B1359730_83F63E.jpg;1;
mask_cmana_843F15761C4A431314EA59A546AD99EF081C623B315AE35A93A462677949F3D1_843F15.jpg;1;1
mask_cmana_84992AAC28AFBC6A262B27BB7070E3298C777737C835556463FE109AC006021C_84992A.jpg;1;
mask_cmana_852FD71A16AA6F2D62D5BC9DE2744B3C281350FD3F18F4CF0039B44EA8FFC98A_852FD7.jpg;1;
mask_cmana_85801163BDBC70A3F0E0B40A79FC1C8E3B84DB1891147CD3767DFECFB8F6088F_858011.jpg;NaN;
mask_cmana_860007C69639397F2156F1F766EAAD089B0A87411057D1AE896D75972AE1B874_860007.jpg;0;
mask_cmana_8626DA75DEBA64CD21D54AEFF89BDF05A7D33D139C69CB4984F782E5F1556FB9_8626DA.jpg;0;
mask_cmana_869DF175C702906224D9E2A591CDA8D6CBAA3A2278F100CA0D98B16D67952992_869DF1.jpg;NaN;
mask_cmana_869E3A06E1364C1A1044BCB51CE6F85CDE0736633A4852446F451B08FD4CC234_869E3A.jpg;NaN;
mask_cmana_86AD794D4D1E7CDD44A51BB1ADC1D5F6E14EC4531EF5B80BE126095739C336D3_86AD79.jpg;1;
mask_cmana_873A3271199E2AC4E9771E8FAC6513FCA8C6616E7098742A1BB92116EB70F894_873A32.jpg;1;
mask_cmana_87A45FABCCD1DBD9347083F4E0433E8F628E6E80A12C9C8845E1D1392633F255_87A45F.jpg;0;0
mask_cmana_882A567D4EA260A5AFFFD22B8040173D0CBDDA3A2BCE54202D9D80B2C90C70D0_882A56.jpg;1;
mask_cmana_88FE3DA9B02C6F3AD57BB153EBC0CFFA0D1CCCA8E0EA214940D9A3F3FB1CED87_88FE3D.jpg;NaN;
mask_cmana_89512F17B942FC79B5432E3B27CA7B58FA50BDB13564CF2AAE5E745FAE324800_89512F.jpg;0;
mask_cmana_89830DDB3ECA30D8856AEF2827ADDCB86D622252A037138E7622F3AD8DA7C085_89830D.jpg;1;
mask_cmana_89850AE8555B9A56996EA9B84D909838E389FFE1C7F6DFCBAABCA2EB14B6B510_89850A.jpg;0;
mask_cmana_898E7C1953ED0F0E294D1F01F994236F6AC3A6654159B05FE1EF0FEC605B36F7_898E7C.jpg;NaN;
mask_cmana_8996FB88E69FA2F818EA76AE92425A43206FA7CD9A93AE95A85AC9198B935D71_8996FB.jpg;1;1
mask_cmana_89BE26A1F4EA8401BEC5CD80FEC91576DBC29BD136CEBAB28383EF86CC553C04_89BE26.jpg;1;
mask_cmana_8A01542BAC31DA5E5D0015C44FFE770B258DFB8B7DD70A49F8FD77B418B3C3C7_8A0154.jpg;0;
mask_cmana_8A737BB42D78DF877133BC5D4435A23FD3F1A0C32891A073F9501FD3FC1B17C5_8A737B.jpg;0;
mask_cmana_8BD7353C9EC33F12645A4A099F51CB9FEFDC25BB58E3E8F421D2ACD46D17EA5B_8BD735.jpg;0;
mask_cmana_8CC2A4203C5631FDBF2FE4B6E576AEDDBC0138A83A83FF2BCF1A1F77AB4061DE_8CC2A4.jpg;NaN;
mask_cmana_8CD06838BE0F2CB94ABCE707074846F1263883701BBF1A140E8BECF078FD16A8_8CD068.jpg;1;1
mask_cmana_8CEC0DFC3FD1F98FC528CFC0BBC6BA9277AE1F3494FFD010F2DC03F52CF4BEA0_8CEC0D.jpg;NaN;
mask_cmana_8D198EFAD50E7FEF6C4C7705005749CA3A74DE571A8418E8D8EAD944ED63C8C5_8D198E.jpg;0;
mask_cmana_8D64E4AAA70D4A9236A8C343172087F7E70CA525D6818EEC34DB80F667BE7718_8D64E4.jpg;0;0
mask_cmana_8DFAF5242AEDFC5C3BD01EDD435FF2DA5D617FFC7B9E233BA82EB36E6808842E_8DFAF5.jpg;1;
mask_cmana_8E63F69FF0F8D54809448CB40D75C6E3ACF8CBF30F1579732E42A467711E9CD0_8E63F6.jpg;1;
mask_cmana_8EA2BAD9A28D2F3273EFE6035A32470B8EB72FDA8D0358AF3ADF0E732637F59B_8EA2BA.jpg;0;
mask_cmana_8EA694494BE8E5A0AD7791586AB9617B96B287FCDF3470C976065AEF5A0AD331_8EA694.jpg;1;
mask_cmana_8EC933C20C52A596314BAEB2F63739A607980A302DFFA21DE2671312F48179DE_8EC933.jpg;0;
mask_cmana_8F0C1B044CABCF73866DEC3332B80A6811F8889804E9EB687798969638F620E2_8F0C1B.jpg;0;
mask_cmana_90E6F6A8A6AD35656754393A501BE151A3D429263D3C2E28094A738834749157_90E6F6.jpg;1;
mask_cmana_9109BA008CDE300D6B5E1FA0D03818DA10CF2C4A6E39C291C40F8B025C23E835_9109BA.jpg;1;
mask_cmana_91BE7661F102A06178A520ABBEBC56018DBB092E0F385EDA553C9A6FA45B056A_91BE76.jpg;0;
mask_cmana_91FFA3D79D8416D680C60AAD48CA5FD9BCA70549053CABA46330A0B9D55FEA27_91FFA3.jpg;1;
mask_cmana_921E8968F9F8E78A44E1A26C12507D997353571FD51A62EA1A71B506B8A42255_921E89.jpg;0;
mask_cmana_923B6188CCD696A4EA8D1AB550EC97CF450B24A7396A47FC13F124EEE8E85B97_923B61.jpg;1;1
mask_cmana_9247EB14446445965E01F357CB4A2E19795A3CBF577DAF34282347BF0D5FF17A_9247EB.jpg;1;
mask_cmana_9264A17A967D757B44CE1E1BA5FA6971059112359045F3EF0EF44688FFB0E913_9264A1.jpg;0;
mask_cmana_92787C62A71D03133B258D14C47899FD2F8DD5AB06A3D7DC09E8AA8C5DE8AEEE_92787C.jpg;1;1
mask_cmana_9353B8B18766716E15F80062249B76DACF09273FA8C30499504C06EC331682B2_9353B8.jpg;0;
mask_cmana_9359663E35F1A6249BD95036F2E5A7BEBCBFAF213DE5A4B23C79942680C247D3_935966.jpg;NaN;
mask_cmana_93FBA5B63F09AF5759C92EA0EAC033C7351EB8A5B5133654696F787F4511DBEE_93FBA5.jpg;1;
mask_cmana_942178CA33EF28B71EB3D4806C98EFFACED435BCD496F977C776196D1A1851EA_942178.jpg;1;1
mask_cmana_94279AE14B02414999D065E29D8DA7E44F04B535243B19D242CFDE202496CC31_94279A.jpg;0;
mask_cmana_943F1C7A808367F4237DB75BB091E0E8E8B3E32E7065768195A15C9185B52F44_943F1C.jpg;1;
mask_cmana_94993098DC1F140EF03AB55E5FC91A5C0B18D68CC24852743043CFD5319E712A_949930.jpg;0;0
mask_cmana_94A79E1294834F2C4D9F047516AA17C775E7490AFC9D380D52516F3E5B7DFCF8_94A79E.jpg;1;
mask_cmana_94F605202E9F704682147DE312AA1F4046966B6003987AA6B71D8BC460B90DA0_94F605.jpg;1;
mask_cmana_956A11A1FE892EB8F8A5FEF19E2873A6A14B346A1D7D14BA946872AA5BB459F2_956A11.jpg;0;
mask_cmana_96A4EA3F3C836BFCA2D7A7B338F38FDF72290FA83F5B6DFE2815083D6E07CFCB_96A4EA.jpg;0;0
mask_cmana_97353E93D85F53EA49791A33052B32E05239279AFF46439CA1D48449120C2965_97353E.jpg;NaN;
mask_cmana_99AC54A3F327BBF7129BC83417DC0A6E7CF12494A374D5C4E454C97BA24DB5B6_99AC54.jpg;1;
mask_cmana_99C647C65EA60C4629249B859E1E5C2D3D2010D60F549DDDCB289758298F1230_99C647.jpg;1;1
mask_cmana_9A9000B24CD9F5E56D6BDF3055FA6AB13C44645A56015A2B650E2D59A379CDE2_9A9000.jpg;1;
mask_cmana_9AE4C088DEEC5FF5949E974950D7607E4EE9D68F2981B1131E291BA74D6658AE_9AE4C0.jpg;1;1
mask_cmana_9B085BF3B940F3D5270B3624FA24CF98F74663EDFE851C99163D2AF52DF347B7_9B085B.jpg;0;0
mask_cmana_9B151799BD50C4EBD2A6C9CE9CFC6438693102D0F09E540E226A414C14B25273_9B1517.jpg;1;1
mask_cmana_9B18E3607DB2D0FEAE08DB24670782E75DAF52BD1C379D33A686B9D22E1626B2_9B18E3.jpg;0;
mask_cmana_9CB3826076AE10F82F15C38AA0B07E25334785F45BB52ED08BEF5A356EB07FA3_9CB382.jpg;1;1
mask_cmana_9D46E07BD60298BC7FAB23EB774681C8710D5A1C024641FC390E130D82733B6B_9D46E0.jpg;0;
mask_cmana_9DC82C85F36C2CA72F9729B347934676DCD1E1C6E67065AA57765807418A7616_9DC82C.jpg;1;
mask_cmana_9DF8193545A811F1DA762255623BCDA6C8B874DA5399114E613B4B6F8863CB53_9DF819.jpg;NaN;
mask_cmana_9E4C01E16836417E79E7D75974761B2E5A20F26A7C84D897CE4F8E5E63050175_9E4C01.jpg;0;
mask_cmana_9E6A8D0BF138AB371EBB70F64C9A21A342FD235E7D1870769BB68635C016D7FC_9E6A8D.jpg;1;
mask_cmana_9E723198075971C77016F9F61CB55E4195C27696B4B4CBA25591448AF0961B2E_9E7231.jpg;1;
mask_cmana_9E726B6435B1B622752C9AE51FCAC100140680FFE24F8953C1A2520304FDC4E2_9E726B.jpg;0;
mask_cmana_9E7E2BBFCA26162EEF10E69847133D89F3D7D6C0B24E4D2762B0636192CCA975_9E7E2B.jpg;0;0
mask_cmana_9F16E097899A7BCBBA5FDE077D392E09B46D6D29ABD4DD14FBE858FBE0EEC918_9F16E0.jpg;0;
mask_cmana_9F87289C23C0F9CBC5965A9F88F0F9715029AC5ECF0E7784ABE4557B02481DD9_9F8728.jpg;1;
mask_cmana_A01062AE6A60DDD7AF53C1F333B97D12B4AB1E0D425462C898AACE826CEF887E_A01062.jpg;0;0
mask_cmana_A010C45620648B718C13ECF6C45090C57FA107D0839E85D31E51A5E61EF67F72_A010C4.jpg;0;0
mask_cmana_A02EDB0A91D8510062EBE81974F6F6D379E8AF72E948B04F4AEBDECD02508C07_A02EDB.jpg;0;
mask_cmana_A04258B8DBA1DDF0F4093ECD3A266C26F1F54BF421C086CA0A74339DCCCAA1D7_A04258.jpg;1;
mask_cmana_A0B5D68B61981A643A7FBD03C809F2A61ABC2373A0B01FB4F15DD82374B72011_A0B5D6.jpg;NaN;
mask_cmana_A1075E9C2082CB0C830899A905BC039605A2A05554CF66A79D7D26D34E796804_A1075E.jpg;1;
mask_cmana_A10F2CF60AF45B28E6C1E145334CC7C77EC6EAE0913A9172986CEC3C03843CCD_A10F2C.jpg;1;
mask_cmana_A111F20165F002D59AB7723EC9014EACDDD871CC2C09F043253685EE17D5B047_A111F2.jpg;1;
mask_cmana_A11F102786E9256772306E166871DC3F412A999F47BC9C38172518C175678143_A11F10.jpg;1;1
mask_cmana_A1B7BBB8815CEAF71CC7D24E63D0BA5184A0F06E3F5E516D518C07236CFA6CBF_A1B7BB.jpg;0;
mask_cmana_A2038CBE808AF1A921E1A4F1ACE1A60A64AE210637F8D77CD1A9327FD16DF972_A2038C.jpg;1;1
mask_cmana_A385262FDBF521145D26195B7F984ACF48E5F69635B5E2D5568CBD4F7545386D_A38526.jpg;1;
mask_cmana_A3A99C188ECF984C03DD55F02FF4A89A344E272987CDEA13F55FD006259C3A7A_A3A99C.jpg;0;
mask_cmana_A4D45EDD66D4D1FD5B7E370FFFD3F1E36A886D0534787FDE1CB965E12A855A9B_A4D45E.jpg;0;
mask_cmana_A585B03703B60EA31E09E4581055C8FF72FED5C4E8A528C8FF4E8469F4C4C0AE_A585B0.jpg;NaN;
mask_cmana_A5B63416964F02474157D622A2C66696C333DEC03CC24456249BF8B727F13302_A5B634.jpg;1;
mask_cmana_A600649C2E93E90C9BE5337CD1E5354B0E44BF42C0CE9611BFA9B0F59A248909_A60064.jpg;1;
mask_cmana_A6382B987D0731469DE65D81D5D21754157F1032CF5898D37BB2BCF8378DFACC_A6382B.jpg;1;
mask_cmana_A67BDB635224758B2E2C78FB807F14EF239A27487E5E0D46597DEB2AF890A1F1_A67BDB.jpg;1;
mask_cmana_A6BDDE07D1E4EC082EF366E817C746A392F66848C9A92A4CF74CC97784B406D0_A6BDDE.jpg;0;0
mask_cmana_A6CEDEB40CC5A7150CECABE3A194328C9EAAEC20DBB701468C6FD27CA4630000_A6CEDE.jpg;0;0
mask_cmana_A89FA0EFFE5AA5A370D49D0B42FE000088D6BDEE519D3C8DD6DEA5CBC22E9595_A89FA0.jpg;0;
mask_cmana_A916D84DE2140F4EC64C5DF98164861BEDB483A0CB4DAE03B80FC99A97215139_A916D8.jpg;1;
mask_cmana_A92388B35BC52A43ABEE15A26EEFDF95F7D380998D5843033664830585EE1B1A_A92388.jpg;1;
mask_cmana_A92D0FA11C6F90663B12D2A0AD717140672EDBE2A5B3A41E89DC7D5B0AAA2987_A92D0F.jpg;NaN;
mask_cmana_A94B56551B1AAABE5F7C145FD84C03D436EDA5F65081C751DE034401B9D67A02_A94B56.jpg;1;1
mask_cmana_A94D8D172F94D23CA163ED524985549F584DCB2EF3C5B0B58DC79E227E72C011_A94D8D.jpg;NaN;
mask_cmana_AA4D1D6A97CDCCF351E2FFED56646E5DB120355A47C9B0A1370919CF10E8CF56_AA4D1D.jpg;NaN;
mask_cmana_AAB9BF929A26DC980F2B4502E35D428553360471C09BA7B3D9B98F89A6B6651F_AAB9BF.jpg;0;
mask_cmana_AB9480B025D95670031874A010B27C57F77B47BEFA8447052F5698B34BA410F0_AB9480.jpg;0;0
mask_cmana_ABA781E747497C0CD8A25F870B773D6EA5011414C21305BA074E011B0FA4E6BF_ABA781.jpg;0;
mask_cmana_ABB780D229C3DA365DE2F3BC4471A3DEB47573C18A2C370AEA4084455F1377E5_ABB780.jpg;NaN;
mask_cmana_ABC99D5155680656E94C227A84B311D4498D19848E3900E572CAA0A70F4DA960_ABC99D.jpg;1;
mask_cmana_ABFCE7FDFF1D01785E5B90632E45384A4CAB9267CE54E732989E7C03CB249136_ABFCE7.jpg;0;0
mask_cmana_ACEBFC4A0ED7C17D6E9EBB0108A32E1B15484B7A1AF1358DB7BC2090292D2328_ACEBFC.jpg;0;
mask_cmana_ACF047506A64C039CB3A8D953CC72AE9C33A8DC78BCBB9C52F3612A6ADF4ACB4_ACF047.jpg;0;
mask_cmana_AD2BD41493A514B776B40E5AFC6190E1323BD8B3883B4B91FB74BBB622DB6E5E_AD2BD4.jpg;1;
mask_cmana_ADDF08133A572A0A359F9498CD0C46DBB68D05E34EA7C1953698ED6286ECDA47_ADDF08.jpg;1;
mask_cmana_AE00EDFF868C2A43E3C6A57DB4374F352E3124C1D2E87B1DB1EF21DDBC4C43E2_AE00ED.jpg;0;0
mask_cmana_AE443F6E647F2E3ED03763C8EF32656947CFD3D286C852FC7AFE833C550D0EB3_AE443F.jpg;NaN;
mask_cmana_AE896C76BE455B93E58534B6E50449B787435868A69962BD002FC5CF2F66D720_AE896C.jpg;1;
mask_cmana_AF1F9A9964B7C4B97665C9367090AC18AA452215BEEAABF2FA393D8D3CB7471B_AF1F9A.jpg;1;1
mask_cmana_AF2FF3989908BBBBEDF33A3E2B0848483AFC21097065A2C2EE2D1CE5B9409D80_AF2FF3.jpg;1;
mask_cmana_AF6C712B7DB4189A2A911DCD829E4A3B40510EC1403AEB575E195D43D67788CD_AF6C71.jpg;1;
mask_cmana_AF7ED914DFB666B40809A2B3EF994C72D979968D0912E47BFAACA1DFE7817C4A_AF7ED9.jpg;1;1
mask_cmana_AFAE2575DFF8385DE858C33EDE4908FBE7C3EE7BD2F5692ED3E6954D101D9CC9_AFAE25.jpg;0;0
mask_cmana_B005CED365AA04AC2A27A6C754A6B942B6E52C241E7C7160850A930C5A75D71F_B005CE.jpg;0;
mask_cmana_B01327ED886DEF66CC2AE349DA83EC063D8F76A473CC9596C323E18A63AFA0EF_B01327.jpg;NaN;
mask_cmana_B25F0B4D77BA5D79C66787D7BEA85BB6F6AF82DB7AE20DF0EAA0CA4A959C32A7_B25F0B.jpg;0;0
mask_cmana_B2694C694358A12E1C6BFFC441CA886966471FAAEFECF69A9051C25714ECE957_B2694C.jpg;1;1
mask_cmana_B326523A9460620347F01141268F6AD7A97B1813445BBDB76A248524EA5A756E_B32652.jpg;NaN;
mask_cmana_B32D26121287CA5A2F3DB54D4808EEB2A38EF9DFD9DB2959949A0A07B607662F_B32D26.jpg;NaN;
mask_cmana_B368433D0642B58FDDA358544ACDBFBF83A4CEF507D306FD420EE09F19A0191D_B36843.jpg;0;
mask_cmana_B36A18A2B5089227A8F5B43453DE0ED1FBCBD0CBDF689AC9BC089881EA9D6295_B36A18.jpg;0;
mask_cmana_B3CE3B3BA705B72FFB2202697CBE3C8D7D6CA215C14B6DACBEAD6A65B5F683C4_B3CE3B.jpg;NaN;
mask_cmana_B3F45B604FC41D20C3B1A523BAC24AE08A08BC8E93A1461185FB969D95495C9F_B3F45B.jpg;0;
mask_cmana_B4429DACECDFFBDF9F30885C440C77658B66B52E5354982270B34A5DA3A9A256_B4429D.jpg;0;
mask_cmana_B4E43B1266EE286149B2908243DA7DB0860AAEA596E6E044BC941D1E57ACB891_B4E43B.jpg;0;
mask_cmana_B50D17DC09533C98E76D2078EDC5914345CEFA47A4292B4D399D0EDEF110BD2B_B50D17.jpg;0;
mask_cmana_B53DF911117C47C5FC11B478C8A52BE09B2F38943CB2F1B0241A3E92E1B0E991_B53DF9.jpg;1;
mask_cmana_B59430AB218582C74099A69C3F7776E9FD59A9CAD2B9E6876F0091131BBE5E88_B59430.jpg;1;
mask_cmana_B5A2F8FC5A197D9A6D8C18ED952ED33915F51C2A37F37B734F8D3239DE52040C_B5A2F8.jpg;1;1
mask_cmana_B5C43A59F2A506089E4532211A506C88757EFCCE8E3F066239EAC7978F6A2C56_B5C43A.jpg;1;
mask_cmana_B5C445F31318643D6FA88E70F999AA24825633BE0C1F84AB21ADC3480FA98E02_B5C445.jpg;1;1
mask_cmana_B5ECBBB22FCE9147D5E771CC04A5470B1A450ADCFF37D35E4A5D0C3A5AEE2475_B5ECBB.jpg;1;
mask_cmana_B72A558E62852C01FF240C6B61ECCE6FC89A04A766D29B1A73639E85954ED080_B72A55.jpg;1;
mask_cmana_B7865272BAD6E11773BD82F56B2A47290C98D995558E4EA6E7CBBF052C6943E1_B78652.jpg;NaN;
mask_cmana_B7949B1406F6780CCE08B51294E19BE80D34DE1A1444E71D2BAD52B5FEB39D29_B7949B.jpg;NaN;
mask_cmana_B845215D0FBF90F93553224C651E6E38E12E543B4D2653CD936284DA1403C3C5_B84521.jpg;1;
mask_cmana_B86E5C1364EF425A831220963EE66549FD3E9322AC414BBDD3C54A5A64105B76_B86E5C.jpg;0;
mask_cmana_B878FE524BF9DFD605FF301A314403C41912287EEF8936B390106C47C71D9106_B878FE.jpg;0;
mask_cmana_B89C6A984BB8E1226BA7C4364B6019C6043A41B58BA640FC6F579F6BC04761C4_B89C6A.jpg;0;
mask_cmana_B89F11A111C98143F2CD0EEDE1FCAE4E81C5FC3D346D0E581292B38D9C0FB8FC_B89F11.jpg;0;
mask_cmana_B8FA1AAB04CE2826B1207A8FB6F43894ABA4606E4297B0552149BD6A323CE259_B8FA1A.jpg;1;1
mask_cmana_B9182FDDDCFB6EBA9D2471FBCCBB99FEC241EC5C398834CBB780C3AA499FF9A8_B9182F.jpg;0;0
mask_cmana_B920DC19A63CB445322A00FAAB5BF80E76A2A63779FBF4D87ADCDE7B93C47D6F_B920DC.jpg;0;
mask_cmana_BA519C932E61061306715914AAE7AF3FD748372291862353B5CC0B785F784FCF_BA519C.jpg;0;
mask_cmana_BAC72A546FE48860370C5AE8A73BD3AC5C0D3DF8645CF408603ECB5EF775371F_BAC72A.jpg;1;
mask_cmana_BB0E90DB18124F1AC6CECF02F8E8FD104CF39DA51676828F713CEC94C11BF7F4_BB0E90.jpg;NaN;
mask_cmana_BB3B0B2F4BEE74DE77817ECAFDAA75A2984AF8947723E19340E44878AE9B3B8F_BB3B0B.jpg;1;
mask_cmana_BB7344FF1A53D87CCFE82F0053D42DDF392CA25C585E8FCB8AC61C4B0AAFF518_BB7344.jpg;0;
mask_cmana_BBAC4EBA62B8459B2C0EA4F591757EE28F443C1F008BEEDB384AF859A7C9053F_BBAC4E.jpg;1;
mask_cmana_BC589745DD2F403EE456641BA87743A9E235AEB081CDBE954B24945D3E23EF23_BC5897.jpg;1;
mask_cmana_BCFE62F5E6BF1FE916ABDA6D5CB278EE906EB8AECB2AAAD751DFE74CBD3EE325_BCFE62.jpg;0;0
mask_cmana_BDA25EB66AA2AD18191E34BBB4E5D98549CABA7E68F1743E6AD8CB0202AE27AA_BDA25E.jpg;1;1
mask_cmana_BDD627EC3C9B9F3D1D6471F91F998BC6A12D60B40873C4EDF730EFCE8A3A6ABF_BDD627.jpg;1;1
mask_cmana_BDDF2D3057C70AE88C2EFF354C4859AC2357CDACE8ACF0796F40FACBDFBFFED2_BDDF2D.jpg;1;1
mask_cmana_BDE9019A1ADC69DFFA5ADA1ED074101E49E1939E279103819B7DD34D6AB2DD48_BDE901.jpg;0;
mask_cmana_BDF07BA4AFFCCFEEE1162CC532E3104D78B495487B954258DEDE96F41FCA3752_BDF07B.jpg;0;
mask_cmana_BED89E79EFB75690F16FBBC8CC736A23272E3B7384905F00533B6BAB50A0FD89_BED89E.jpg;0;
mask_cmana_BFD47084AB08E5A00BD25800FF09F8E67400404E5C1F31F7E80D81350C573611_BFD470.jpg;1;1
mask_cmana_BFD9140B57B0CEF7B9C0C69193F2B1E3BF7C6204159385C6D2CDE7DA0A11ED74_BFD914.jpg;NaN;
mask_cmana_BFE1D2A24CC96FEF82B1EE7BB06DE02BB10900ADBA00D3EFE0C3F613E2DEC103_BFE1D2.jpg;1;
mask_cmana_C02DC1605D7DC799FB0E8A469FE98E361CADA990542DDFF70CC8653FAE949D40_C02DC1.jpg;0;0
mask_cmana_C1738AE40E65F385296BFFB10ABCF55F257E2FEFB073059FCED02E6E2CCAAFC3_C1738A.jpg;NaN;
mask_cmana_C1BB4A23DA5532CFC6E664D7508A9B1DB27D0EF3BBAA58126CAC1F14B08A3415_C1BB4A.jpg;0;
mask_cmana_C1F19AD55EDF1FF7B6257930C7793C6D7CC12D06334BDC5D3A7E4EDEF3120B65_C1F19A.jpg;1;
mask_cmana_C25E2044EF7D1A22A7FF6B497E55AAE5D53AE542935DDC546A6EE383034C3BFF_C25E20.jpg;1;
mask_cmana_C26796A367E0E449DD812CBF66A89051B178173791287BC9A05A46431BC998C3_C26796.jpg;NaN;
mask_cmana_C3F321E1563BAA184AC67DA15087490CC045CB38E7C16E0F8FFB28259B21A2B0_C3F321.jpg;1;
mask_cmana_C4630F94243177A9FFA9D6867936971E9928F60BFCC96005DB40F8B32FA0EFC6_C4630F.jpg;1;
mask_cmana_C4D501DEB85DE4D57974E3D61F35CDD1B6D9BD297D213F3401D50DA5EBECCAEB_C4D501.jpg;0;
mask_cmana_C538FD3096D7A63F6BB6DD662038F7C12D70FF0F9D7CAC6E9086E14348B7BFAD_C538FD.jpg;0;0
mask_cmana_C5413393DEED24E62B4FC26C7889EF77DF9BCACA081A844039E6B83F9E3BD140_C54133.jpg;1;1
mask_cmana_C5EBADC9827F738C1856E522711C9C46A6CBD22002AB10FF04CDA3BEB757468B_C5EBAD.jpg;1;1
mask_cmana_C617BDA3ABCF4B6AC63E3F7A199130B3761827DA15256E1BEF23C8C695BF3FC9_C617BD.jpg;NaN;
mask_cmana_C61B207362E56EB40F6C554ECDF836B7C02ED7C05BF647298165999C472BC6E4_C61B20.jpg;1;
mask_cmana_C6343037A33757BB86097EF50525085F0424B1DB508DC658FA2168E9BA78D3AD_C63430.jpg;0;
mask_cmana_C6C686978736E7C31B259934AEF0646C252F26241B53BFC04B13DC8716EDBB8B_C6C686.jpg;NaN;
mask_cmana_C6E72A83BEC7A07A50125D22A0EF5B095928C58B08C81C7F702D7878A631356E_C6E72A.jpg;NaN;
mask_cmana_C762DD3BB89C0873032FC2A632199A842F9799D179EC724E6F22580B393517AD_C762DD.jpg;NaN;
mask_cmana_C80FA0C21E9992B03FBAA605350F3A1425F37CA3469C05FCD151B778C9016E66_C80FA0.jpg;NaN;
mask_cmana_C81C2FC320A2D53011E517E8D096040E2661A626FF5FA6CBB8792F3743E23F30_C81C2F.jpg;NaN;
mask_cmana_C830A67F2122FB763D563E88F948FAF9240F21BC222A025D8ADAAF2C30DE82AC_C830A6.jpg;0;
mask_cmana_C841D402F5C9B41A23D90885912CD5DA6BD7377C27A1E3BD5769E4A6B1287FF7_C841D4.jpg;0;
mask_cmana_C8E163BBC892C6ED5FCB3923026921478BB035CD997727B0EB921C2C54A15F2E_C8E163.jpg;1;1
mask_cmana_C9925A48B9B217CAD76E4D8786F213C81BD929299A3DBF1B9F5B50933FC1F228_C9925A.jpg;1;
mask_cmana_C9CF17B68690FBE9C2D706736A16E0E19F99B5DE4CB9A262DE62597D1F2E6014_C9CF17.jpg;0;
mask_cmana_CA94C87E1396E7D3A91E7B5CDB2439F25169A4C2449DAE257AC4DF860493B457_CA94C8.jpg;NaN;
mask_cmana_CAB8DFA665D529D2FE1991FCFF8AC303E32465CEF047F7A53FB4A14A4409E554_CAB8DF.jpg;0;
mask_cmana_CAC869735F9AFEE6E7872DE86283A4E9B5B86175CF36461C851794C0C377C3EF_CAC869.jpg;1;
mask_cmana_CAD92B8346FE67D9B16BF6DA82D5C1C59486397FE4EB84E912C56A0ECC14B5EE_CAD92B.jpg;NaN;
mask_cmana_CAFF581953978D99EBE6FCD0938CEE49F431178AACC2A469605FB9F9A6B2042F_CAFF58.jpg;0;
mask_cmana_CB37E7F42C9213600FCF8DE7C19FA7C3D097B5CC169A38AE1ED7C159143B380C_CB37E7.jpg;NaN;
mask_cmana_CB94947A7D8406766B22743A73AFFBE74C9B191DEBA7A4C8AD6ADFD19D30374E_CB9494.jpg;1;
mask_cmana_CBC5C518B2E534119B96FBE561617B5685BD61ECF3771ED15AFACE8AEC6B7D07_CBC5C5.jpg;1;
mask_cmana_CC10CD13BFFDA5ABAA8104EC9ADA02F9B7964B190EE047F459B6D9156F834856_CC10CD.jpg;0;0
mask_cmana_CC39FFE6FE16E95802CAD395CDC905636E5237D5B565453932C0484476ADB90D_CC39FF.jpg;1;
mask_cmana_CCB1D32975C85049D26DB40717073E0847FB6DE16AA9BB293F747541A11660C6_CCB1D3.jpg;0;
mask_cmana_CCCC614F5E5F55DB34B3DE2ED9DF1A13B7B8FF7E86139928B0FBC47D243D9099_CCCC61.jpg;1;
mask_cmana_CCDC17C5616CEAF03951F6715B7C9FA01E01518ED04E1A84552839EAC0FCA413_CCDC17.jpg;0;
mask_cmana_CCEEB4CA92CD42655F33248657B35C4142B02D2357B3F8508F5471A71D9F5D96_CCEEB4.jpg;NaN;
mask_cmana_CD8D93AB33C44E349BBBA9627454C820B8320241BDA23416C0CCB5D3F8408ED8_CD8D93.jpg;1;
mask_cmana_CD9228420B091CE503A19110EEAEC7299F67E92FEAE6394A9457A3AAAA20CA2B_CD9228.jpg;0;
mask_cmana_CDA722A4B40349D8FDD4AB95ECE0B4E91667FE05CADE05A0AA2E6702C4CDFFD8_CDA722.jpg;0;
mask_cmana_CDC09DC4826E6A98DBD1B8F04C7FEF8F909D65FEDD73B9B5EA4ECB425FD55167_CDC09D.jpg;NaN;
mask_cmana_CDC66B00A2619BE0FEBA6C7B01C5FA0B7F769764C5251706FE468829EB75BF40_CDC66B.jpg;1;1
mask_cmana_CE096574A5FDCD5E5F2288FA9AF0F98DA1D8CBA827E0ADFE269B87AA7EEDEF3C_CE0965.jpg;1;
mask_cmana_CE4B418C5F6A07A01199A20C1FF8302942A0A70A1DA4B23919D08776C222B892_CE4B41.jpg;NaN;
mask_cmana_CE769B5636E3DE07C0114089EF7DDB70915E0F5ED6FBCE7F1419C8C4DE25CE6E_CE769B.jp;1;
mask_cmana_CE8BD5C1F79665B5A9156829A7B7042EEC0F5E4FB28AD336CE74C077DA167BAF_CE8BD5.jpg;0;0
mask_cmana_CEBAC9831396645A2FD5550BFC4DE082118202E0B1423E55BFB2BD5B419C2701_CEBAC9.jpg;1;
mask_cmana_CF0D13C14D123E0C67FDFD0DB591D2F2EC1516F59E7A9B91B1DB9A2E9C5D91B4_CF0D13.jpg;1;
mask_cmana_CF979F2A9C23E1F9653270719920431DA1816B430A4B96B86B29C52F0B237117_CF979F.jpg;1;1
mask_cmana_CFE7AF9897B2165C01174EF508ACA31DD54E61BC62256FF799DDEC4ADDF54A4A_CFE7AF.jpg;0;0
mask_cmana_D0331917D8A9B891BB898E3430FD3ED4C6E058FA6012D2976B317082A2FF299E_D03319.jpg;1;
mask_cmana_D033A03BD6F759422252C52D127255B7621DBB21B9C9794049A2CA2B3D073824_D033A0.jpg;1;
mask_cmana_D06C65D51EA578CEBE45D94F7B52CDC9CD5B8B77B523486248DE08BFDFC70755_D06C65.jpg;1;1
mask_cmana_D084DD46AADE5F988A323F4220DD7062ABB9BB4F582FC9DCD793403759DF94C2_D084DD.jpg;0;
mask_cmana_D0B63D5BA6803428367C970A93745B6BCCDE21A13F21EACCC7C5F230BD500AD2_D0B63D.jpg;1;1
mask_cmana_D16D30BD977F2184BCE539DD5AE9941A2A5AD4856AFAFF6BBC7273C2D3EF7DCC_D16D30.jpg;1;
mask_cmana_D2D46D209B8562BE30FE175D0FC4F9AC4ADC5C1D2BA5B7E82D3C78AB3A3A894E_D2D46D.jpg;1;
mask_cmana_D40ABF5EDC0F3568ED05C325E37D71C17E4CAB254272AE811787BB1234C58682_D40ABF.jpg;0;0
mask_cmana_D444FB81E18C6BAE1573CB780C6018762C5E759943816F520FCAB4EF1DE6FE05_D444FB.jpg;1;
mask_cmana_D488F6A2C6308AEE269943CCBD47AB2A32669D37B7580EA4AA4035FB43C7C7C6_D488F6.jpg;1;1
mask_cmana_D49184EDCFCC6B94E42B71DA4DF72BB6F368CF516779F79E4F00681010DE90DA_D49184.jpg;1;
mask_cmana_D4FE609D5F89391E438E8AA38306670A1412811004F6E39786D061AE91BCC50B_D4FE60.jpg;1;
mask_cmana_D51148D63A7A32177B3015EDE5C2F82F599E6DB7751F846D52E90D265F5BC1DA_D51148.jpg;1;1
mask_cmana_D57CE683FB92865BFC0730F39EE50990217F94AF44D720DFAA1D4EF6348AEB70_D57CE6.jpg;0;
mask_cmana_D5928C4F74CCB130CE376BCEA6A885ED8D350256E2D5BFB6856D1C99DBA1A79C_D5928C.jpg;NaN;
mask_cmana_D5EA3A565317DF03D6685B5216E63CDA34AF09BFFB23A7D03E674ECBFE85BC34_D5EA3A.jpg;1;
mask_cmana_D6DB3338321265F7EAB3C58E071FB020D9BB1368E2D43DD9428D978372D3CCF0_D6DB33.jpg;0;0
mask_cmana_D74FF1B9A4FDE4FADA8D361F012F96725D3AFADCBD6B473117D4D4BD1F83CC4C_D74FF1.jpg;0;
mask_cmana_D79019192A7230465FCC442E1B351C0109302E10CA8E37855BF16B46E836439E_D79019.jpg;0;
mask_cmana_D7AD3E351E566A49ABBC35A11187D8C496C158CB20365CE6EF389AEF576B6B1F_D7AD3E.jpg;1;
mask_cmana_D7F88D284D73A26C47A13C23C3C4AFB36EF359B44DA7075AE909D1B2BB46655F_D7F88D.jpg;1;
mask_cmana_D856545AE2F8581981BD1EB58EF0382D1FC36E8FE0C9522DECC8B4532751393F_D85654.jpg;NaN;
mask_cmana_D88E67CCD51C067FC20EBAA7E78F7F9C21B8479D753D696827D8FD1F82C0FDFC_D88E67.jpg;NaN;
mask_cmana_D8B27422302FB7FBDE305BD20EAB5E43899A9F5BA88F8E19AB79C3C18520B65D_D8B274.jpg;1;
mask_cmana_D9A60877C17483307E32F8F35E236F2BFE31A79D54F751D10402C13455951139_D9A608.jpg;1;
mask_cmana_DA297CD0DBB4A8C595E139C6DCDEDF4230AC2148AD74C18A917D76F37FBCD7D6_DA297C.jpg;0;0
mask_cmana_DA3D57BA6ED3D9954C8A6DEA04B093114AF9058FF5A9A677100BC9A1A67F1D6F_DA3D57.jpg;1;
mask_cmana_DA6E97F63AD7E513A09D08A1FBCBDC373943CE735C1A4F7871C2C307526B9B27_DA6E97.jpg;1;
mask_cmana_DAC12EAFD5B9E2BDDEE2B93B33839AE5946352B153CBBA0DCF29F4C4F8A4C74B_DAC12E.jpg;NaN;
mask_cmana_DC09B5FD045D05616CCDC4F7231DDDD38DAFA43846188542764C6BADFBB999BB_DC09B5.jpg;0;
mask_cmana_DC951BDBD1EA7717E455FC4843CF5E78425823399EFB794EA6635D75806E4146_DC951B.jpg;0;
mask_cmana_DCF19EB79DA7E99D9E08B9C80C9702D73A83692DBD0919D62893593F29DE4F8B_DCF19E.jpg;1;
mask_cmana_DD331490412F871718437BA2390B70F5778009412998CAE5528115AC30FB7885_DD3314.jpg;0;
mask_cmana_DD3F58F3F69C856B9E52B20EE0F18BFE4D0EB7118F5025EB5A91A573725948E0_DD3F58.jpg;1;
mask_cmana_DD9B73F7C68126F634BE95CE64E1E1EA6C0BD3D9FC1436D4E8E17400648393E4_DD9B73.jpg;1;1
mask_cmana_DF28234A9555E97CBB4CC24150D7B13712C79FB28162884494DF706AAA0A03B5_DF2823.jpg;1;
mask_cmana_E018064B98EDF4F01C422BCB1D02361E42F5F51DC069AB09A30D7A2BE1BB6B7D_E01806.jpg;0;
mask_cmana_E1C492CF3E17F40C418CBA66295245A6FEC4ED46D6053785D03F97A1C28E0EF3_E1C492.jpg;0;
mask_cmana_E24E1365E705ADCDDF2B8BF185C61805FD71EDA9A50D93B099D41E6940EB6EB9_E24E13.jpg;1;
mask_cmana_E25B86625A0F4F62A95F2FA6B96A30C36A16ECAF9B1A014832171256C5F777F7_E25B86.jpg;1;
mask_cmana_E2B10FBA2451AF14C4640A37EA285A1C3BE324297D61A6B42A95C26C4564CDC2_E2B10F.jpg;1;
mask_cmana_E34DC697FA7CA8C8A53486BF536DAA9E9CB811309F63430D7B8F07B991B75990_E34DC6.jpg;NaN;
mask_cmana_E377DA49D4881E1ED2DE865C601B4181E438F5A0BD73E10C3E80C408F6984CAE_E377DA.jpg;0;
mask_cmana_E39EC74E2A90D582F733058F1CA57B0CE0E37FF84777731009D170187F31F1BC_E39EC7.jpg;1;
mask_cmana_E3DE5B16FA47305E3CEF71A6DA2DA0B8EB4788CCF6D1AD5B06C04A54DE212C2F_E3DE5B.jpg;0;
mask_cmana_E46B28918BA5446C96BED155B79533969C0D75B2B8FDFA5B4FC787CF723EF6DA_E46B28.jpg;0;
mask_cmana_E4838EA2E6B5FB486FA5A1BFB724813DF7B2E69F29C47932A12434F5DA9634DD_E4838E.jpg;1;
mask_cmana_E4865B25B888BE1062F238739749313A94B6B5BFEF411D1B0A96C20A32438EA8_E4865B.jpg;1;
mask_cmana_E4DC6A0C8FBA50D682175810F60CD86B97833F6ADE07A1D1FF9CCDBBF6374D17_E4DC6A.jpg;0;
mask_cmana_E4E63E4D3702FA742F3F88097698AE7B62AB623495739808DA48D44025E4BDB5_E4E63E.jpg;0;0
mask_cmana_E5CDB264F54C9A745B3752AC2839275191706FA15FDB5D9E02F8C22A3AC85373_E5CDB2.jpg;1;1
mask_cmana_E60D26CABCFC209FFF7701EF4686EC8DA29D9450E693824EFC8B2F1539E09BAB_E60D26.jpg;NaN;
mask_cmana_E63D9212ED74221B0016A05A55AE09EAEC93353C88EAF460BE23DF0074D85AF7_E63D92.jpg;1;
mask_cmana_E6EFE706BC0AA65C4A3B4BE652C2B3180B944D94E73FA8CE4B684583009556B4_E6EFE7.jpg;NaN;
mask_cmana_E708D716F3979B4F2E0663EDF9E13A77016D47477011C894F3794265CE9251C3_E708D7.jpg;1;1
mask_cmana_E877CEF9C934B1024058A4292F735DF3B43973DF938A915242C87523A408E731_E877CE.jpg;NaN;
mask_cmana_E8DB42EAA50D60EDBBC4811251649E4EDEFF8703C69410AC94C81D90196CA481_E8DB42.jpg;1;
mask_cmana_E8E3AB728CFEE110DBE4B4B6F7D67C5C1FB75DF33E7872ED0BF192A22A71F676_E8E3AB.jpg;0;
mask_cmana_E90FAFC531C24B2D37189A2CD9FD89199BA099FF74A9DB0A1E944A99D940EFE5_E90FAF.jpg;1;
mask_cmana_E9F79AA07111855C511936412714771FC19290B3BE583C7978051C73394C93B6_E9F79A.jpg;NaN;
mask_cmana_EA042E41C10DD05EAE429CB81416AB88C912EAEC22E37DF0CD096F4D135B177D_EA042E.jpg;0;
mask_cmana_EA487885D7A4D13A9636D2172BA4398C36D98CCC69B17B4C414A69E09FBC3AF0_EA4878.jpg;NaN;
mask_cmana_EB9BB5C049BD5BBEA24A6C8A5AA9CE584035AF7ED1C59AC32502EEA4A028FF13_EB9BB5.jpg;1;1
mask_cmana_EBE6802FE68FE284710195A0E9DB5D7BBC118F86CDAFE4F8822CB3CF5D5DEFD3_EBE680.jpg;1;
mask_cmana_EBF73EEDC9F3AD5F5908EC600B2682EBB8E451E8BE0E46D61B3F8143FD4E243A_EBF73E.jpg;1;
mask_cmana_ECE8D57501B257CAA400FDE84A1E51AF844C387970846ED9153FD4C46D8B1A47_ECE8D5.jpg;1;
mask_cmana_ED6890924FEFBFE8C9F2CF727B78EB7D15665EFC5E7CFF6182D6D9F6A9024AB5_ED6890.jpg;1;
mask_cmana_EDC6D9BFE473926F8E20D8A401F7BF82602A3D20BBA3C4300AC69DB9B8D42249_EDC6D9.jpg;0;
mask_cmana_EE82CAD8F62146B661B9943608B33497F8966ACCEC2A434863A98BAB2D0F11C1_EE82CA.jpg;0;
mask_cmana_EE950B67D66030BC566152EC57E484A0D70A9B4A92F1FE863D37D1CD5D294559_EE950B.jpg;0;
mask_cmana_EF05647CDBCB4BB94013946644A5802BE35BFD2E4CB64554474C9CA54BF93331_EF0564.jpg;0;0
mask_cmana_EF11A0387CA867D8A37EE6B0C24D7628BBC9E221A87BAD38C617031313BE4AA3_EF11A0.jpg;0;
mask_cmana_EFBDC2A0D00DCA519C64AC96445FC1031B3629E900524F17AF7BE5891AD4671C_EFBDC2.jpg;0;
mask_cmana_EFF14100ED0EA59B5FCD677AAD1816EE25B5D7ABAE264B5B8BF2FD4FB545E7C4_EFF141.jpg;1;
mask_cmana_F08A70F72373E2B207B3DBD77A463EFEF30397F1A7C25862565B65ACEEE16470_F08A70.jpg;1;
mask_cmana_F09A1774CC4E933DBA4C55855BBBB87B60807D6E0D85895AF2676C76CC98974D_F09A17.jpg;0;
mask_cmana_F0E09F1B271653B891500881E8C27138CC1A032614FA705E209637CB9D667128_F0E09F.jpg;0;
mask_cmana_F101DEB34CB79214B02C35F3D411BB45EC64FF9B448E9C91B550F0264E946347_F101DE.jpg;0;0
mask_cmana_F1B709C05A8E4C1FF1F2CA7917E0F9F267A36AEFCC624F37313D21F55BA3D3AF_F1B709.jpg;1;
mask_cmana_F1B78BC4DE1B1AB9FA1F961494598EF7CFDC348F656086D165B1E2746E3C34C6_F1B78B.jpg;1;1
mask_cmana_F1D9A54040F13E65A1A599A3A324E5734CD4D15FE1937734CD94F2FAA1C61EF6_F1D9A5.jpg;0;
mask_cmana_F206801C4E8FC3891C7BC3A5737804AFC20FF5EED6D4A58F7D49AA0D20DA5376_F20680.jpg;1;1
mask_cmana_F21A9248E68AB327F42D2DD646B68DFED8BC3FE7925E63EC880E365449DC590B_F21A92.jpg;1;1
mask_cmana_F27ED7EC11E18312888DAC7E18F5CF1817C9AE84E72EA123024582FCD2AA8B68_F27ED7.jpg;0;
mask_cmana_F28D8160B2D47DEF335F49C6BDC61E0FD940978A1D692AD8254DAC57FD6ADB31_F28D81.jpg;1;1
mask_cmana_F2F15E2FB6222441D74F0CA943C2D5D6560BBCEB649E61FB9804D96465F16691_F2F15E.jpg;0;
mask_cmana_F4176ABFA46A72B8CAFDE038A8ECFE984464EF622901237F75BBA041EAAA5298_F4176A.jpg;0;
mask_cmana_F427F2E261F75F097578DDC58313017EBA1B7AD18E69B8BF433696F44B68A136_F427F2.jpg;0;
mask_cmana_F47E1F0612325AB1D3A56D28777CA5259C553F4575BE6CA13A5F66990C0FB0E0_F47E1F.jpg;1;
mask_cmana_F4A62B3237E10B88F9FCF68A05CB07FDC1E11CB20B2054009D3D333F0014BF8C_F4A62B.jpg;NaN;
mask_cmana_F4F4D961CBA28A423BDC20B8EB111AB0977705076FADAF81AC8A7ECEC4106A28_F4F4D9.jpg;NaN;
mask_cmana_F583152603E1D41E6567D164CCD69768824F3E0320F7E6C9E0F31E32BBA9A23E_F58315.jpg;1;
mask_cmana_F5C14434604846DD5CEE0A55D2E66D4FFBC70648A25B80B9C2765A0386B818C5_F5C144.jpg;1;
mask_cmana_F74C46690CD2525F70D52B00CBF9E2AF484EA36763FAF9D6351AF4683786645A_F74C46.jpg;0;0
mask_cmana_F75E396999C55E60E6003E1E9A237D82E813B3962C7225789E5775E601DA1D8E_F75E39.jpg;0;
mask_cmana_F771C2D7B04051E2ED2A01C9F0689854B9ED7E60494BA246D6D120FFB57E6F17_F771C2.jpg;0;
mask_cmana_F79E0F4B8155D4839D33FF442F4499D25C1AC46DC2E4ACBC5F2B735097E62093_F79E0F.jpg;1;
mask_cmana_F7B9E2CEDEA24CAB079F175E9EBBF7476F122B4C809B9571BDD6D1C8B9D0BA1C_F7B9E2.jpg;1;
mask_cmana_F7DC04AA82A05C83658A9A5A5D96576496F2D9C97CEEA7B5314AAD9D262036AB_F7DC04.jpg;1;1
mask_cmana_F7E63375419970BFD6EF653769F261B626D4CB659593EAD0BBE06407AECB8399_F7E633.jpg;1;
mask_cmana_F80CAFB9D1C4825B1EE9BF9B140377187E9DBEF3DCAD35A549ED63335355B151_F80CAF.jpg;NaN;
mask_cmana_F80F0783C48604241311D93FF43C373BFE5E5DAC9669F3666850A71B81BF127B_F80F07.jpg;1;1
mask_cmana_F89C1934FE73127B63CFF8BD85E00079D92A44418D273AFEAFF3FF254299737C_F89C19.jpg;0;
mask_cmana_F8C5F104E94AC249D48AA4D35E06C8A29E4764EFF50E7864EB3693C4FB122AC4_F8C5F1.jpg;0;0
mask_cmana_F8DC29B8E35D59D8B619CE357AD7BA23D04A624AA2D7B640D53768F3E1082998_F8DC29.jpg;NaN;
mask_cmana_F8DEEF3A57404947E21739ACE9E2A37FB66DD1BF7F8931B4E40E32295A12FF5C_F8DEEF.jpg;0;
mask_cmana_F919095661F14C3C4022949B58148B9CB0B26848CB793CCC42193F195144E4AF_F91909.jpg;1;
mask_cmana_FA0A246DBAFFEABC798BC03E29CF14EF2FEEEBDAE757E873EC6BD0578396AF91_FA0A24.jpg;0;
mask_cmana_FA7E85B7206D61426BE5909488CED27761D68CE9CB5C2436E2172A0BFA92DF17_FA7E85.jpg;1;
mask_cmana_FACC297E9661A0C43FA946A30A0A32F761965756B4B8EA4F4CAA7A711514C9D6_FACC29.jpg;1;
mask_cmana_FADC051A5025DAD21EEA316608DEEF203E06D97C9BA6F97765D14A9948AE3726_FADC05.jpg;0;
mask_cmana_FB2DADD8F8B22146B953DA49C4D25AEB797C12E212E1BDC8056AB12464156C10_FB2DAD.jpg;1;1
mask_cmana_FB963938E9B2878CF7D315AAE24EA3DE4A906BF91450C7C582FBE08B9820F1C1_FB9639.jpg;0;0
mask_cmana_FBE5CE51D7B0F046C5816A437910BBB39FB9FD07DEC0AA6D348239D185E97A2A_FBE5CE.jpg;1;
mask_cmana_FC1B2A48D8B335DD82031C4B47433DDB24641E80DAF0C33B95B9391D913CBD7B_FC1B2A.jpg;0;
mask_cmana_FC4EC4C14E09320BB3E1207DA3666B4B74791A2E20F3EFDBD72DD9FE8728D401_FC4EC4.jpg;0;0
mask_cmana_FC542A34ED9A4843C89F3F98EF376CE8A9E8FD64ED6B521709279DEF024D6E8B_FC542A.jpg;0;0
mask_cmana_FD76E1E8EC3C283919E0FFF954049F91F30F30CB17A7ECB867C9A5B0EBCDDA71_FD76E1.jpg;NaN;
mask_cmana_FD8760690D3EBBE17BBF23D063CA17E4E2A9284EB810B242C2F2AA5D5469A50B_FD8760.jpg;1;
mask_cmana_FE02C0C357EB7FB23CBA1061A4DD3916024CA7F1BAA6220750BD05DB511407C1_FE02C0.jpg;0;
mask_cmana_FE0742AF3063CED1BB853EA393F6B7FF6F8ABD70B9D5A041A742C9D5829AB02D_FE0742.jpg;0;
mask_cmana_FE73BB332D72F7215DBA63D4E83106E002E9CA45F1F71CD4046165FE71EEABC3_FE73BB.jpg;1;1
mask_cmana_FF39E04EB421F86818C54BAF43877C612D9A31C2B51F7E902C854867C8E339DE_FF39E0.jpg;NaN;
mask_cmana_FF3C2B446516E2BD4B979D74A1860ADB03B9E8E4A7A43FB556686CEEC16A2E55_FF3C2B.jpg;1;1
mask_cmana_FF557FC3919D2C7FC217833D6542C5F6C158CBDE637483E19712EB290569DDD4_FF557F.jpg;1;
mask_cmana_FFCBD3EE0F62E26B2293819970DF31732E1B60F9249F71294EA2095E358D0F84_FFCBD3.jpg;1;